model,config,pdb_id,mhc_class,review_status,chain,chain_role,pdockq2,if_plddt,if_pae_norm,n_contacts,contacts_chains,mean_pdockq2,n_chains,global_dockq
AF3,af3-server,24ST,Class I,READY,A,MHC,0.8975,96.67,0.9815,44,BCD,0.829,4,0.5535
AF3,af3-server,24ST,Class I,READY,B,peptide,0.8195,94.86,0.9633,41,ACD,0.829,4,0.5535
AF3,af3-server,24ST,Class I,READY,C,TCRa,0.758,93.44,0.9498,38,ABD,0.829,4,0.5535
AF3,af3-server,24ST,Class I,READY,D,TCRb,0.8411,95.25,0.9693,49,ABC,0.829,4,0.5535
AF3,af3-server,28IL,Class I,READY,A,MHC,0.5569,89.65,0.8976,64,BCD,0.5187,4,0.5803
AF3,af3-server,28IL,Class I,READY,B,peptide,0.6253,88.32,0.9432,40,ACD,0.5187,4,0.5803
AF3,af3-server,28IL,Class I,READY,C,TCRa,0.3378,82.03,0.8571,64,ABD,0.5187,4,0.5803
AF3,af3-server,28IL,Class I,READY,D,TCRb,0.5549,87.96,0.914,54,ABC,0.5187,4,0.5803
AF3,af3-server,43RH,Class I,READY,A,MHC,0.8608,95.99,0.9709,76,BCD,0.8008,4,0.8467
AF3,af3-server,43RH,Class I,READY,B,peptide,0.9155,97.28,0.9842,47,ACD,0.8008,4,0.8467
AF3,af3-server,43RH,Class I,READY,C,TCRa,0.5775,88.09,0.9234,78,ABD,0.8008,4,0.8467
AF3,af3-server,43RH,Class I,READY,D,TCRb,0.8496,95.36,0.9721,61,ABC,0.8008,4,0.8467
AF3,af3-server,6ZKW,Class I,READY,A,MHC,0.9025,96.81,0.9826,55,BCD,0.8821,4,0.8792
AF3,af3-server,6ZKW,Class I,READY,B,peptide,0.9005,96.95,0.9802,42,AC,0.8821,4,0.8792
AF3,af3-server,6ZKW,Class I,READY,C,TCRa,0.887,96.67,0.9765,63,ABD,0.8821,4,0.8792
AF3,af3-server,6ZKW,Class I,READY,D,TCRb,0.8385,95.24,0.9682,58,AC,0.8821,4,0.8792
AF3,af3-server,6ZKX,Class I,READY,A,MHC,0.489,86.34,0.8984,68,BCD,0.599,4,0.6652
AF3,af3-server,6ZKX,Class I,READY,B,peptide,0.4427,84.61,0.8923,58,AC,0.599,4,0.6652
AF3,af3-server,6ZKX,Class I,READY,C,TCRa,0.7869,93.45,0.9628,63,ABD,0.599,4,0.6652
AF3,af3-server,6ZKX,Class I,READY,D,TCRb,0.6773,90.19,0.9472,59,AC,0.599,4,0.6652
AF3,af3-server,6ZKY,Class I,READY,A,MHC,0.6885,91.37,0.94,53,BCD,0.6328,4,0.7455
AF3,af3-server,6ZKY,Class I,READY,B,peptide,0.4432,85.91,0.8791,41,ACD,0.6328,4,0.7455
AF3,af3-server,6ZKY,Class I,READY,C,TCRa,0.722,91.96,0.949,64,ABD,0.6328,4,0.7455
AF3,af3-server,6ZKY,Class I,READY,D,TCRb,0.6774,90.69,0.9421,60,ABC,0.6328,4,0.7455
AF3,af3-server,6ZKZ,Class I,READY,A,MHC,0.6455,90.56,0.929,55,BCD,0.6464,4,0.7194
AF3,af3-server,6ZKZ,Class I,READY,B,peptide,0.6204,89.16,0.9321,43,ACD,0.6464,4,0.7194
AF3,af3-server,6ZKZ,Class I,READY,C,TCRa,0.6723,90.89,0.9377,62,ABD,0.6464,4,0.7194
AF3,af3-server,6ZKZ,Class I,READY,D,TCRb,0.6474,89.69,0.9389,56,ABC,0.6464,4,0.7194
AF3,af3-server,7DZM,Class I,READY,A,MHC,0.9278,97.68,0.9863,56,BCD,0.8941,4,0.9292
AF3,af3-server,7DZM,Class I,READY,B,peptide,0.9204,97.52,0.9842,44,ACD,0.8941,4,0.9292
AF3,af3-server,7DZM,Class I,READY,C,TCRa,0.8509,95.17,0.9747,38,ABD,0.8941,4,0.9292
AF3,af3-server,7DZM,Class I,READY,D,TCRb,0.8772,96.19,0.9767,46,ABC,0.8941,4,0.9292
AF3,af3-server,7DZN,Class I,READY,A,MHC,0.9167,97.35,0.9841,53,BCD,0.8757,4,0.9236
AF3,af3-server,7DZN,Class I,READY,B,peptide,0.9168,97.29,0.9848,41,ACD,0.8757,4,0.9236
AF3,af3-server,7DZN,Class I,READY,C,TCRa,0.8139,94.04,0.9691,42,ABD,0.8757,4,0.9236
AF3,af3-server,7DZN,Class I,READY,D,TCRb,0.8555,95.57,0.9727,50,ABC,0.8757,4,0.9236
AF3,af3-server,7L1D,Class I,READY,A,MHC,0.6733,91.81,0.9287,62,BCD,0.3971,4,0.5972
AF3,af3-server,7L1D,Class I,READY,B,peptide,0.5103,87.73,0.8947,51,ACD,0.3971,4,0.5972
AF3,af3-server,7L1D,Class I,READY,C,TCRa,0.2129,78.88,0.7912,52,ABD,0.3971,4,0.5972
AF3,af3-server,7L1D,Class I,READY,D,TCRb,0.1921,79.99,0.7593,57,ABC,0.3971,4,0.5972
AF3,af3-server,7N2N,Class I,READY,A,MHC,0.7992,93.97,0.9631,45,BCD,0.7253,4,0.3938
AF3,af3-server,7N2N,Class I,READY,B,peptide,0.7943,93.46,0.9661,41,ACD,0.7253,4,0.3938
AF3,af3-server,7N2N,Class I,READY,C,TCRa,0.5977,88.18,0.9319,52,ABD,0.7253,4,0.3938
AF3,af3-server,7N2N,Class I,READY,D,TCRb,0.7102,91.3,0.9505,56,ABC,0.7253,4,0.3938
AF3,af3-server,7N2O,Class I,READY,A,MHC,0.8319,95.22,0.9654,65,BCD,0.7561,4,0.8083
AF3,af3-server,7N2O,Class I,READY,B,peptide,0.8737,95.84,0.9785,50,ACD,0.7561,4,0.8083
AF3,af3-server,7N2O,Class I,READY,C,TCRa,0.5824,88.17,0.9248,89,ABD,0.7561,4,0.8083
AF3,af3-server,7N2O,Class I,READY,D,TCRb,0.7365,92.05,0.9545,66,ABC,0.7561,4,0.8083
AF3,af3-server,7N2P,Class I,READY,A,MHC,0.4126,88.73,0.835,50,BCD,0.3234,4,0.6983
AF3,af3-server,7N2P,Class I,READY,B,peptide,0.3727,85.61,0.8426,46,ACD,0.3234,4,0.6983
AF3,af3-server,7N2P,Class I,READY,C,TCRa,0.2541,79.38,0.8231,63,ABD,0.3234,4,0.6983
AF3,af3-server,7N2P,Class I,READY,D,TCRb,0.2543,79.6,0.821,59,ABC,0.3234,4,0.6983
AF3,af3-server,7N2Q,Class I,READY,A,MHC,0.3329,87.47,0.8008,53,BCD,0.2514,4,0.7145
AF3,af3-server,7N2Q,Class I,READY,B,peptide,0.3576,85.38,0.8358,47,ACD,0.2514,4,0.7145
AF3,af3-server,7N2Q,Class I,READY,C,TCRa,0.1709,76.93,0.7653,61,ABD,0.2514,4,0.7145
AF3,af3-server,7N2Q,Class I,READY,D,TCRb,0.1442,75.32,0.7466,61,ABC,0.2514,4,0.7145
AF3,af3-server,7N2R,Class I,READY,A,MHC,0.1413,87.79,0.6369,49,BCD,0.1419,4,0.6743
AF3,af3-server,7N2R,Class I,READY,B,peptide,0.2754,86.28,0.773,37,ACD,0.1419,4,0.6743
AF3,af3-server,7N2R,Class I,READY,C,TCRa,0.0914,73.82,0.6671,52,ABD,0.1419,4,0.6743
AF3,af3-server,7N2R,Class I,READY,D,TCRb,0.0597,70.56,0.6063,58,ABC,0.1419,4,0.6743
AF3,af3-server,7N2S,Class I,READY,A,MHC,0.2811,85.9,0.7806,35,BCD,0.2377,4,0.4488
AF3,af3-server,7N2S,Class I,READY,B,peptide,0.3756,85.76,0.8428,32,ACD,0.2377,4,0.4488
AF3,af3-server,7N2S,Class I,READY,C,TCRa,0.1784,73.18,0.8139,34,ABD,0.2377,4,0.4488
AF3,af3-server,7N2S,Class I,READY,D,TCRb,0.1156,74.07,0.7132,47,ABC,0.2377,4,0.4488
AF3,af3-server,7N4K,Class I,READY,A,MHC,0.5159,90.84,0.8668,52,BCD,0.3904,4,0.8061
AF3,af3-server,7N4K,Class I,READY,B,peptide,0.4758,89.61,0.8592,52,ACD,0.3904,4,0.8061
AF3,af3-server,7N4K,Class I,READY,C,TCRa,0.1768,77.59,0.7658,42,ABD,0.3904,4,0.8061
AF3,af3-server,7N4K,Class I,READY,D,TCRb,0.3931,86.71,0.8436,38,ABC,0.3904,4,0.8061
AF3,af3-server,7N5C,Class I,READY,A,MHC,0.8835,96.19,0.9797,54,BCD,0.7553,4,0.8988
AF3,af3-server,7N5C,Class I,READY,B,peptide,0.8862,96.53,0.9775,56,ACD,0.7553,4,0.8988
AF3,af3-server,7N5C,Class I,READY,C,TCRa,0.5952,88.16,0.9309,40,ABD,0.7553,4,0.8988
AF3,af3-server,7N5C,Class I,READY,D,TCRb,0.6562,90.38,0.9357,46,ABC,0.7553,4,0.8988
AF3,af3-server,7N5P,Class I,READY,A,MHC,0.4669,91.0,0.8417,53,BCD,0.3335,4,0.7594
AF3,af3-server,7N5P,Class I,READY,B,peptide,0.4375,90.39,0.8326,56,ACD,0.3335,4,0.7594
AF3,af3-server,7N5P,Class I,READY,C,TCRa,0.1027,72.9,0.6998,47,ABD,0.3335,4,0.7594
AF3,af3-server,7N5P,Class I,READY,D,TCRb,0.3271,83.93,0.8307,38,ABC,0.3335,4,0.7594
AF3,af3-server,7NA5,Class I,READY,A,MHC,0.473,89.78,0.8562,56,BCD,0.5602,4,0.5197
AF3,af3-server,7NA5,Class I,READY,B,peptide,0.7079,90.67,0.9561,38,ACD,0.5602,4,0.5197
AF3,af3-server,7NA5,Class I,READY,C,TCRa,0.492,87.49,0.8882,63,ABD,0.5602,4,0.5197
AF3,af3-server,7NA5,Class I,READY,D,TCRb,0.5678,88.96,0.9098,57,ABC,0.5602,4,0.5197
AF3,af3-server,7NDQ,Class I,READY,A,MHC,0.7798,93.26,0.9615,58,BCD,0.6511,4,0.5765
AF3,af3-server,7NDQ,Class I,READY,B,peptide,0.8291,95.39,0.9623,47,ACD,0.6511,4,0.5765
AF3,af3-server,7NDQ,Class I,READY,C,TCRa,0.376,84.54,0.8552,58,ABD,0.6511,4,0.5765
AF3,af3-server,7NDQ,Class I,READY,D,TCRb,0.6194,90.75,0.9154,55,ABC,0.6511,4,0.5765
AF3,af3-server,7NDT,Class I,READY,A,MHC,0.509,87.43,0.8972,57,BCD,0.4032,4,0.6765
AF3,af3-server,7NDT,Class I,READY,B,peptide,0.3634,81.83,0.8757,44,ACD,0.4032,4,0.6765
AF3,af3-server,7NDT,Class I,READY,C,TCRa,0.2568,78.69,0.8326,60,ABD,0.4032,4,0.6765
AF3,af3-server,7NDT,Class I,READY,D,TCRb,0.4833,87.12,0.8876,55,ABC,0.4032,4,0.6765
AF3,af3-server,7NDU,Class I,READY,A,MHC,0.8814,96.25,0.9781,60,BCD,0.749,4,0.6714
AF3,af3-server,7NDU,Class I,READY,B,peptide,0.7971,94.19,0.9598,40,ACD,0.749,4,0.6714
AF3,af3-server,7NDU,Class I,READY,C,TCRa,0.5925,90.37,0.9069,63,ABD,0.749,4,0.6714
AF3,af3-server,7NDU,Class I,READY,D,TCRb,0.725,93.19,0.9378,61,ABC,0.749,4,0.6714
AF3,af3-server,7NME,Class I,READY,A,MHC,0.8884,96.5,0.9789,62,BCD,0.8515,4,0.7199
AF3,af3-server,7NME,Class I,READY,B,peptide,0.8706,95.87,0.9768,37,ACD,0.8515,4,0.7199
AF3,af3-server,7NME,Class I,READY,C,TCRa,0.7727,93.24,0.9586,67,ABD,0.8515,4,0.7199
AF3,af3-server,7NME,Class I,READY,D,TCRb,0.8741,96.14,0.9757,50,ABC,0.8515,4,0.7199
AF3,af3-server,7NMF,Class I,READY,A,MHC,0.8717,96.11,0.9748,61,BCD,0.8327,4,0.7068
AF3,af3-server,7NMF,Class I,READY,B,peptide,0.8496,95.48,0.9709,39,ACD,0.8327,4,0.7068
AF3,af3-server,7NMF,Class I,READY,C,TCRa,0.7495,92.81,0.9525,67,ABD,0.8327,4,0.7068
AF3,af3-server,7NMF,Class I,READY,D,TCRb,0.8599,95.82,0.9723,47,ABC,0.8327,4,0.7068
AF3,af3-server,7NMG,Class I,READY,A,MHC,0.9048,97.11,0.9807,57,BCD,0.8756,4,0.8637
AF3,af3-server,7NMG,Class I,READY,B,peptide,0.9011,96.95,0.9805,39,ACD,0.8756,4,0.8637
AF3,af3-server,7NMG,Class I,READY,C,TCRa,0.8013,94.13,0.9625,59,ABD,0.8756,4,0.8637
AF3,af3-server,7NMG,Class I,READY,D,TCRb,0.8951,96.87,0.9784,51,ABC,0.8756,4,0.8637
AF3,af3-server,7OW5,Class I,READY,A,MHC,0.9098,97.54,0.9788,81,BCD,0.7806,4,0.8625
AF3,af3-server,7OW5,Class I,READY,B,peptide,0.5661,89.83,0.9002,67,ACD,0.7806,4,0.8625
AF3,af3-server,7OW5,Class I,READY,C,TCRa,0.8508,95.87,0.9675,70,ABD,0.7806,4,0.8625
AF3,af3-server,7OW5,Class I,READY,D,TCRb,0.7958,94.74,0.9537,58,ABC,0.7806,4,0.8625
AF3,af3-server,7OW6,Class I,READY,A,MHC,0.8442,95.55,0.9677,76,BCD,0.6817,4,0.8592
AF3,af3-server,7OW6,Class I,READY,B,peptide,0.4822,86.33,0.8951,55,ACD,0.6817,4,0.8592
AF3,af3-server,7OW6,Class I,READY,C,TCRa,0.7637,93.22,0.9547,64,ABD,0.6817,4,0.8592
AF3,af3-server,7OW6,Class I,READY,D,TCRb,0.6365,90.12,0.9295,53,ABC,0.6817,4,0.8592
AF3,af3-server,7PB2,Class I,READY,A,MHC,0.082,91.5,0.5203,84,BCD,0.2171,4,0.3062
AF3,af3-server,7PB2,Class I,READY,B,peptide,0.5948,88.34,0.9288,37,A,0.2171,4,0.3062
AF3,af3-server,7PB2,Class I,READY,C,TCRa,0.0405,69.41,0.5302,79,AD,0.2171,4,0.3062
AF3,af3-server,7PB2,Class I,READY,D,TCRb,0.151,78.07,0.7293,48,AC,0.2171,4,0.3062
AF3,af3-server,7PBC,Class I,READY,A,MHC,0.9416,98.14,0.9887,53,BCD,0.8968,4,0.9041
AF3,af3-server,7PBC,Class I,READY,B,peptide,0.9275,97.84,0.9845,40,ACD,0.8968,4,0.9041
AF3,af3-server,7PBC,Class I,READY,C,TCRa,0.8976,97.0,0.9783,54,ABD,0.8968,4,0.9041
AF3,af3-server,7PBC,Class I,READY,D,TCRb,0.8206,94.58,0.9666,37,ABC,0.8968,4,0.9041
AF3,af3-server,7PBE,Class I,READY,A,MHC,0.9338,97.88,0.9873,60,BCD,0.9148,4,0.8819
AF3,af3-server,7PBE,Class I,READY,B,peptide,0.9281,97.81,0.9852,48,ACD,0.9148,4,0.8819
AF3,af3-server,7PBE,Class I,READY,C,TCRa,0.8949,96.71,0.9799,71,ABD,0.9148,4,0.8819
AF3,af3-server,7PBE,Class I,READY,D,TCRb,0.9025,96.8,0.9827,55,ABC,0.9148,4,0.8819
AF3,af3-server,7PDW,Class I,READY,A,MHC,0.9329,97.87,0.9869,55,BCD,0.8785,4,0.9173
AF3,af3-server,7PDW,Class I,READY,B,peptide,0.9184,97.65,0.9819,39,ACD,0.8785,4,0.9173
AF3,af3-server,7PDW,Class I,READY,C,TCRa,0.8892,96.75,0.9767,54,ABD,0.8785,4,0.9173
AF3,af3-server,7PDW,Class I,READY,D,TCRb,0.7736,93.55,0.9558,38,ABC,0.8785,4,0.9173
AF3,af3-server,7PHR,Class I,READY,A,MHC,0.9554,98.82,0.9889,63,BCD,0.9185,4,0.9087
AF3,af3-server,7PHR,Class I,READY,B,peptide,0.9448,98.68,0.9848,48,ACD,0.9185,4,0.9087
AF3,af3-server,7PHR,Class I,READY,C,TCRa,0.8645,97.3,0.9596,65,ABD,0.9185,4,0.9087
AF3,af3-server,7PHR,Class I,READY,D,TCRb,0.9094,97.79,0.9761,60,ABC,0.9185,4,0.9087
AF3,af3-server,7Q99,Class I,READY,A,MHC,0.8922,96.16,0.9842,66,BCD,0.7832,4,0.7727
AF3,af3-server,7Q99,Class I,READY,B,peptide,0.869,95.55,0.9793,58,ACD,0.7832,4,0.7727
AF3,af3-server,7Q99,Class I,READY,C,TCRa,0.809,93.74,0.9699,59,ABD,0.7832,4,0.7727
AF3,af3-server,7Q99,Class I,READY,D,TCRb,0.5627,87.66,0.9208,51,ABC,0.7832,4,0.7727
AF3,af3-server,7Q9A,Class I,READY,A,MHC,0.8328,94.54,0.9727,63,BCD,0.771,4,0.9037
AF3,af3-server,7Q9A,Class I,READY,B,peptide,0.8491,95.05,0.975,60,ACD,0.771,4,0.9037
AF3,af3-server,7Q9A,Class I,READY,C,TCRa,0.7713,92.55,0.9651,60,ABD,0.771,4,0.9037
AF3,af3-server,7Q9A,Class I,READY,D,TCRb,0.6307,89.51,0.9331,77,ABC,0.771,4,0.9037
AF3,af3-server,7Q9B,Class I,READY,A,MHC,0.9263,97.59,0.9865,53,BCD,0.8833,4,0.514
AF3,af3-server,7Q9B,Class I,READY,B,peptide,0.9252,97.78,0.984,51,ACD,0.8833,4,0.514
AF3,af3-server,7Q9B,Class I,READY,C,TCRa,0.8403,94.88,0.9727,47,ABD,0.8833,4,0.514
AF3,af3-server,7Q9B,Class I,READY,D,TCRb,0.8413,95.37,0.9681,55,ABC,0.8833,4,0.514
AF3,af3-server,7QPJ,Class I,READY,A,MHC,0.9403,98.15,0.9879,54,BCD,0.9149,4,0.8968
AF3,af3-server,7QPJ,Class I,READY,B,peptide,0.9315,98.12,0.9838,43,ACD,0.9149,4,0.8968
AF3,af3-server,7QPJ,Class I,READY,C,TCRa,0.916,97.71,0.9802,56,ABD,0.9149,4,0.8968
AF3,af3-server,7QPJ,Class I,READY,D,TCRb,0.8716,96.39,0.972,47,ABC,0.9149,4,0.8968
AF3,af3-server,7R80,Class I,READY,A,MHC,0.8946,96.77,0.9792,67,BCD,0.8479,4,0.7558
AF3,af3-server,7R80,Class I,READY,B,peptide,0.8742,95.97,0.9774,45,ACD,0.8479,4,0.7558
AF3,af3-server,7R80,Class I,READY,C,TCRa,0.832,94.64,0.9713,62,ABD,0.8479,4,0.7558
AF3,af3-server,7R80,Class I,READY,D,TCRb,0.7909,93.82,0.9608,68,ABC,0.8479,4,0.7558
AF3,af3-server,7RDV,Class II,READY,A,MHCa,0.6526,93.26,0.9052,140,BCDE,0.5738,5,0.4097
AF3,af3-server,7RDV,Class II,READY,B,peptide,0.1456,81.6,0.6908,68,ACDE,0.5738,5,0.4097
AF3,af3-server,7RDV,Class II,READY,C,MHCb,0.5637,92.73,0.8709,122,ABE,0.5738,5,0.4097
AF3,af3-server,7RDV,Class II,READY,D,TCRa,0.7886,94.76,0.9503,38,ABE,0.5738,5,0.4097
AF3,af3-server,7RDV,Class II,READY,E,TCRb,0.7187,93.01,0.9368,46,ABCD,0.5738,5,0.4097
AF3,af3-server,7RK7,Class I,READY,A,MHC,0.1463,90.8,0.6217,74,BCD,0.284,4,0.2385
AF3,af3-server,7RK7,Class I,READY,B,peptide,0.8633,95.15,0.9807,31,A,0.284,4,0.2385
AF3,af3-server,7RK7,Class I,READY,C,TCRa,0.0385,63.59,0.5664,74,AD,0.284,4,0.2385
AF3,af3-server,7RK7,Class I,READY,D,TCRb,0.0877,70.25,0.692,51,AC,0.284,4,0.2385
AF3,af3-server,7RM4,Class I,READY,A,MHC,0.1266,87.51,0.6195,68,BCD,0.2486,4,0.3363
AF3,af3-server,7RM4,Class I,READY,B,peptide,0.4984,86.56,0.9009,37,AD,0.2486,4,0.3363
AF3,af3-server,7RM4,Class I,READY,C,TCRa,0.1893,80.69,0.7499,55,AD,0.2486,4,0.3363
AF3,af3-server,7RM4,Class I,READY,D,TCRb,0.1803,81.9,0.7293,64,ABC,0.2486,4,0.3363
AF3,af3-server,7RRG,Class I,READY,A,MHC,0.1466,86.17,0.6555,64,BCD,0.1726,4,0.3214
AF3,af3-server,7RRG,Class I,READY,B,peptide,0.2813,84.9,0.7899,45,ACD,0.1726,4,0.3214
AF3,af3-server,7RRG,Class I,READY,C,TCRa,0.1274,73.37,0.7402,60,ABD,0.1726,4,0.3214
AF3,af3-server,7RRG,Class I,READY,D,TCRb,0.135,78.82,0.7005,83,ABC,0.1726,4,0.3214
AF3,af3-server,7RTR,Class I,READY,A,MHC,0.5749,90.8,0.8945,37,BCD,0.5922,4,0.5422
AF3,af3-server,7RTR,Class I,READY,B,peptide,0.612,88.67,0.9333,31,ACD,0.5922,4,0.5422
AF3,af3-server,7RTR,Class I,READY,C,TCRa,0.5641,89.37,0.9039,40,ABD,0.5922,4,0.5422
AF3,af3-server,7RTR,Class I,READY,D,TCRb,0.6177,90.66,0.9154,40,ABC,0.5922,4,0.5422
AF3,af3-server,7SG0,Class II,READY,A,MHCa,0.9065,97.39,0.9787,119,BCDE,0.8128,5,0.7347
AF3,af3-server,7SG0,Class II,READY,B,peptide,0.8258,95.48,0.9599,56,ACDE,0.8128,5,0.7347
AF3,af3-server,7SG0,Class II,READY,C,MHCb,0.9065,97.35,0.9791,98,ABDE,0.8128,5,0.7347
AF3,af3-server,7SG0,Class II,READY,D,TCRa,0.6483,91.15,0.9243,65,ABCE,0.8128,5,0.7347
AF3,af3-server,7SG0,Class II,READY,E,TCRb,0.7767,93.55,0.9572,70,ABCD,0.8128,5,0.7347
AF3,af3-server,7SG1,Class II,READY,A,MHCa,0.8708,96.55,0.97,110,BCE,0.777,5,0.3965
AF3,af3-server,7SG1,Class II,READY,B,peptide,0.6037,90.89,0.9068,56,ACD,0.777,5,0.3965
AF3,af3-server,7SG1,Class II,READY,C,MHCb,0.9007,97.41,0.9757,109,ABD,0.777,5,0.3965
AF3,af3-server,7SG1,Class II,READY,D,TCRa,0.8005,94.18,0.9615,55,BCE,0.777,5,0.3965
AF3,af3-server,7SG1,Class II,READY,E,TCRb,0.7096,92.28,0.9401,52,AD,0.777,5,0.3965
AF3,af3-server,7SG2,Class II,READY,A,MHCa,0.9216,98.01,0.9799,104,BCE,0.9031,5,0.7057
AF3,af3-server,7SG2,Class II,READY,B,peptide,0.8369,96.29,0.9568,55,ACDE,0.9031,5,0.7057
AF3,af3-server,7SG2,Class II,READY,C,MHCb,0.9207,97.97,0.9798,102,ABDE,0.9031,5,0.7057
AF3,af3-server,7SG2,Class II,READY,D,TCRa,0.9175,97.7,0.9809,61,BCE,0.9031,5,0.7057
AF3,af3-server,7SG2,Class II,READY,E,TCRb,0.9186,97.75,0.9811,66,ABCD,0.9031,5,0.7057
AF3,af3-server,7SU9,Class I,READY,A,MHC,0.8601,95.3,0.9776,54,BCD,0.7872,4,0.7699
AF3,af3-server,7SU9,Class I,READY,B,peptide,0.8292,94.66,0.9698,39,AC,0.7872,4,0.7699
AF3,af3-server,7SU9,Class I,READY,C,TCRa,0.7066,91.25,0.9494,76,ABD,0.7872,4,0.7699
AF3,af3-server,7SU9,Class I,READY,D,TCRb,0.753,92.66,0.9557,63,AC,0.7872,4,0.7699
AF3,af3-server,7T2B,Class II,READY,A,MHCa,0.8557,95.74,0.9711,117,BCDE,0.8018,5,0.8097
AF3,af3-server,7T2B,Class II,READY,B,peptide,0.704,92.74,0.933,70,ACDE,0.8018,5,0.8097
AF3,af3-server,7T2B,Class II,READY,C,MHCb,0.8705,96.23,0.973,96,ABDE,0.8018,5,0.8097
AF3,af3-server,7T2B,Class II,READY,D,TCRa,0.8236,94.89,0.9648,63,ABCE,0.8018,5,0.8097
AF3,af3-server,7T2B,Class II,READY,E,TCRb,0.7553,93.76,0.9454,70,ABCD,0.8018,5,0.8097
AF3,af3-server,7T2C,Class II,READY,A,MHCa,0.7272,92.97,0.941,112,BCDE,0.7642,5,0.782
AF3,af3-server,7T2C,Class II,READY,B,peptide,0.7855,94.39,0.9526,59,ACDE,0.7642,5,0.782
AF3,af3-server,7T2C,Class II,READY,C,MHCb,0.8148,95.79,0.9518,118,ABDE,0.7642,5,0.782
AF3,af3-server,7T2C,Class II,READY,D,TCRa,0.6865,91.61,0.9367,52,ABCE,0.7642,5,0.782
AF3,af3-server,7T2C,Class II,READY,E,TCRb,0.8073,94.43,0.962,47,ABCD,0.7642,5,0.782
AF3,af3-server,7T2D,Class II,READY,A,MHCa,0.8566,95.84,0.9705,117,BCE,0.7983,5,0.7516
AF3,af3-server,7T2D,Class II,READY,B,peptide,0.5618,90.14,0.8951,53,ACDE,0.7983,5,0.7516
AF3,af3-server,7T2D,Class II,READY,C,MHCb,0.8915,96.71,0.9783,85,ABD,0.7983,5,0.7516
AF3,af3-server,7T2D,Class II,READY,D,TCRa,0.8331,95.5,0.963,44,BCE,0.7983,5,0.7516
AF3,af3-server,7T2D,Class II,READY,E,TCRb,0.8486,95.77,0.9674,61,ABD,0.7983,5,0.7516
AF3,af3-server,7Z50,Class II,READY,A,MHCa,0.8968,97.5,0.9729,123,BCE,0.8447,5,0.7605
AF3,af3-server,7Z50,Class II,READY,B,peptide,0.8636,96.64,0.9657,74,ACDE,0.8447,5,0.7605
AF3,af3-server,7Z50,Class II,READY,C,MHCb,0.8837,97.4,0.9676,108,ABDE,0.8447,5,0.7605
AF3,af3-server,7Z50,Class II,READY,D,TCRa,0.7774,95.35,0.9394,41,BCE,0.8447,5,0.7605
AF3,af3-server,7Z50,Class II,READY,E,TCRb,0.8018,95.43,0.9495,50,ABCD,0.8447,5,0.7605
AF3,af3-server,8CX4,Class I,READY,A,MHC,0.3742,87.17,0.8283,55,BCD,0.3406,4,0.7974
AF3,af3-server,8CX4,Class I,READY,B,peptide,0.418,84.62,0.8786,40,ACD,0.3406,4,0.7974
AF3,af3-server,8CX4,Class I,READY,C,TCRa,0.2512,79.36,0.8208,52,ABD,0.3406,4,0.7974
AF3,af3-server,8CX4,Class I,READY,D,TCRb,0.3191,82.39,0.8409,55,ABC,0.3406,4,0.7974
AF3,af3-server,8D5Q,Class I,READY,A,MHC,0.8531,95.63,0.9709,56,BCD,0.8112,4,0.9285
AF3,af3-server,8D5Q,Class I,READY,B,peptide,0.8325,95.11,0.9667,51,ACD,0.8112,4,0.9285
AF3,af3-server,8D5Q,Class I,READY,C,TCRa,0.7475,93.17,0.9479,87,ABD,0.8112,4,0.9285
AF3,af3-server,8D5Q,Class I,READY,D,TCRb,0.8119,94.45,0.964,72,ABC,0.8112,4,0.9285
AF3,af3-server,8DNT,Class I,READY,A,MHC,0.8756,96.02,0.9777,51,BCD,0.8118,4,0.8122
AF3,af3-server,8DNT,Class I,READY,B,peptide,0.8441,95.54,0.9677,47,ACD,0.8118,4,0.8122
AF3,af3-server,8DNT,Class I,READY,C,TCRa,0.7292,92.75,0.944,60,ABD,0.8118,4,0.8122
AF3,af3-server,8DNT,Class I,READY,D,TCRb,0.7984,93.72,0.9653,46,ABC,0.8118,4,0.8122
AF3,af3-server,8EN8,Class I,READY,A,MHC,0.8867,96.79,0.9752,58,BCD,0.7921,4,0.905
AF3,af3-server,8EN8,Class I,READY,B,peptide,0.9034,96.79,0.9833,51,AD,0.7921,4,0.905
AF3,af3-server,8EN8,Class I,READY,C,TCRa,0.5763,88.64,0.917,45,AD,0.7921,4,0.905
AF3,af3-server,8EN8,Class I,READY,D,TCRb,0.8019,93.9,0.9651,60,ABC,0.7921,4,0.905
AF3,af3-server,8ENH,Class I,READY,A,MHC,0.1354,89.1,0.6201,59,BCD,0.1031,4,0.515
AF3,af3-server,8ENH,Class I,READY,B,peptide,0.1939,88.36,0.6891,51,ACD,0.1031,4,0.515
AF3,af3-server,8ENH,Class I,READY,C,TCRa,0.0427,72.46,0.5194,48,ABD,0.1031,4,0.515
AF3,af3-server,8ENH,Class I,READY,D,TCRb,0.0404,68.35,0.5378,44,ABC,0.1031,4,0.515
AF3,af3-server,8EO8,Class I,READY,A,MHC,0.2454,90.09,0.7187,54,BCD,0.1592,4,0.4549
AF3,af3-server,8EO8,Class I,READY,B,peptide,0.2305,87.02,0.7321,52,AD,0.1592,4,0.4549
AF3,af3-server,8EO8,Class I,READY,C,TCRa,0.1278,74.17,0.7329,45,AD,0.1592,4,0.4549
AF3,af3-server,8EO8,Class I,READY,D,TCRb,0.0331,65.06,0.5164,77,ABC,0.1592,4,0.4549
AF3,af3-server,8ES8,Class I,READY,A,MHC,0.1707,93.65,0.6286,61,BCD,0.1703,4,0.7029
AF3,af3-server,8ES8,Class I,READY,B,peptide,0.2846,91.16,0.7379,48,ACD,0.1703,4,0.7029
AF3,af3-server,8ES8,Class I,READY,C,TCRa,0.0907,77.72,0.6323,66,ABD,0.1703,4,0.7029
AF3,af3-server,8ES8,Class I,READY,D,TCRb,0.1352,76.92,0.718,51,ABC,0.1703,4,0.7029
AF3,af3-server,8ES9,Class I,READY,A,MHC,0.7324,93.87,0.9342,40,BD,0.6297,4,0.3678
AF3,af3-server,8ES9,Class I,READY,B,peptide,0.5924,90.04,0.9102,43,ACD,0.6297,4,0.3678
AF3,af3-server,8ES9,Class I,READY,C,TCRa,0.6985,91.43,0.9439,32,BD,0.6297,4,0.3678
AF3,af3-server,8ES9,Class I,READY,D,TCRb,0.4957,87.46,0.8903,51,ABC,0.6297,4,0.3678
AF3,af3-server,8F5A,Class I,READY,A,MHC,0.5133,88.58,0.8877,60,BCD,0.3815,4,0.6308
AF3,af3-server,8F5A,Class I,READY,B,peptide,0.2415,80.12,0.8048,51,ACD,0.3815,4,0.6308
AF3,af3-server,8F5A,Class I,READY,C,TCRa,0.4458,84.95,0.8904,55,ABD,0.3815,4,0.6308
AF3,af3-server,8F5A,Class I,READY,D,TCRb,0.3252,82.07,0.8483,76,ABC,0.3815,4,0.6308
AF3,af3-server,8GOM,Class I,READY,A,MHC,0.6632,92.27,0.9196,62,BCD,0.4743,4,0.7061
AF3,af3-server,8GOM,Class I,READY,B,peptide,0.553,88.33,0.9093,53,ACD,0.4743,4,0.7061
AF3,af3-server,8GOM,Class I,READY,C,TCRa,0.3693,83.55,0.8613,52,ABD,0.4743,4,0.7061
AF3,af3-server,8GOM,Class I,READY,D,TCRb,0.3116,81.85,0.8413,49,ABC,0.4743,4,0.7061
AF3,af3-server,8GON,Class I,READY,A,MHC,0.2209,92.24,0.683,40,BCD,0.2163,4,0.3691
AF3,af3-server,8GON,Class I,READY,B,peptide,0.2747,90.06,0.7401,36,AD,0.2163,4,0.3691
AF3,af3-server,8GON,Class I,READY,C,TCRa,0.3085,83.22,0.8252,30,AD,0.2163,4,0.3691
AF3,af3-server,8GON,Class I,READY,D,TCRb,0.061,74.22,0.5809,50,ABC,0.2163,4,0.3691
AF3,af3-server,8GVB,Class I,READY,A,MHC,0.9148,97.46,0.982,67,BCD,0.8455,4,0.8287
AF3,af3-server,8GVB,Class I,READY,B,peptide,0.9218,97.6,0.9841,38,ACD,0.8455,4,0.8287
AF3,af3-server,8GVB,Class I,READY,C,TCRa,0.6587,90.75,0.933,64,ABD,0.8455,4,0.8287
AF3,af3-server,8GVB,Class I,READY,D,TCRb,0.8866,96.58,0.9773,65,ABC,0.8455,4,0.8287
AF3,af3-server,8GVG,Class I,READY,A,MHC,0.8898,96.63,0.9783,69,BCD,0.8154,4,0.8254
AF3,af3-server,8GVG,Class I,READY,B,peptide,0.8987,96.86,0.9802,37,ACD,0.8154,4,0.8254
AF3,af3-server,8GVG,Class I,READY,C,TCRa,0.6147,89.2,0.929,61,ABD,0.8154,4,0.8254
AF3,af3-server,8GVG,Class I,READY,D,TCRb,0.8584,95.43,0.9755,61,ABC,0.8154,4,0.8254
AF3,af3-server,8GVI,Class I,READY,A,MHC,0.9334,98.04,0.9855,71,BCD,0.8903,4,0.8825
AF3,af3-server,8GVI,Class I,READY,B,peptide,0.9412,98.31,0.9867,38,ACD,0.8903,4,0.8825
AF3,af3-server,8GVI,Class I,READY,C,TCRa,0.7955,94.09,0.9602,62,ABD,0.8903,4,0.8825
AF3,af3-server,8GVI,Class I,READY,D,TCRb,0.8912,96.84,0.9768,61,ABC,0.8903,4,0.8825
AF3,af3-server,8I5C,Class I,READY,A,MHC,0.7489,92.24,0.9582,61,BCD,0.6543,4,0.7688
AF3,af3-server,8I5C,Class I,READY,B,peptide,0.5655,87.99,0.9187,52,ACD,0.6543,4,0.7688
AF3,af3-server,8I5C,Class I,READY,C,TCRa,0.7748,93.57,0.9562,50,ABD,0.6543,4,0.7688
AF3,af3-server,8I5C,Class I,READY,D,TCRb,0.5279,87.66,0.9041,57,ABC,0.6543,4,0.7688
AF3,af3-server,8I5D,Class I,READY,A,MHC,0.5785,89.4,0.9103,56,BCD,0.4642,4,0.6327
AF3,af3-server,8I5D,Class I,READY,B,peptide,0.339,83.35,0.8444,58,ACD,0.4642,4,0.6327
AF3,af3-server,8I5D,Class I,READY,C,TCRa,0.4768,86.14,0.8943,52,ABD,0.4642,4,0.6327
AF3,af3-server,8I5D,Class I,READY,D,TCRb,0.4624,86.3,0.8852,58,ABC,0.4642,4,0.6327
AF3,af3-server,8PJG,Class II,READY,A,MHCa,0.8658,96.66,0.9666,129,BCDE,0.8755,5,0.9453
AF3,af3-server,8PJG,Class II,READY,B,peptide,0.908,97.47,0.9786,57,ACDE,0.8755,5,0.9453
AF3,af3-server,8PJG,Class II,READY,C,MHCb,0.9071,97.57,0.9771,119,ABDE,0.8755,5,0.9453
AF3,af3-server,8PJG,Class II,READY,D,TCRa,0.8024,95.05,0.9535,59,ABCE,0.8755,5,0.9453
AF3,af3-server,8PJG,Class II,READY,E,TCRb,0.8944,96.92,0.9775,48,ABCD,0.8755,5,0.9453
AF3,af3-server,8QFY,Class I,READY,A,MHC,0.9402,98.22,0.9872,59,BCD,0.9126,4,0.937
AF3,af3-server,8QFY,Class I,READY,B,peptide,0.9205,97.8,0.9814,44,ACD,0.9126,4,0.937
AF3,af3-server,8QFY,Class I,READY,C,TCRa,0.8973,96.78,0.9804,33,ABD,0.9126,4,0.937
AF3,af3-server,8QFY,Class I,READY,D,TCRb,0.8925,96.56,0.9803,42,ABC,0.9126,4,0.937
AF3,af3-server,8RJ5,Class I,READY,A,MHC,0.6369,90.58,0.925,60,BCD,0.5867,4,0.5579
AF3,af3-server,8RJ5,Class I,READY,B,peptide,0.6398,88.92,0.9436,43,ACD,0.5867,4,0.5579
AF3,af3-server,8RJ5,Class I,READY,C,TCRa,0.533,86.52,0.9186,63,ABD,0.5867,4,0.5579
AF3,af3-server,8RJ5,Class I,READY,D,TCRb,0.5368,86.73,0.9182,58,ABC,0.5867,4,0.5579
AF3,af3-server,8RLT,Class I,READY,A,MHC,0.9036,97.05,0.9807,50,BCD,0.8443,4,0.8923
AF3,af3-server,8RLT,Class I,READY,B,peptide,0.8648,95.96,0.9731,45,ACD,0.8443,4,0.8923
AF3,af3-server,8RLT,Class I,READY,C,TCRa,0.7972,94.28,0.959,60,ABD,0.8443,4,0.8923
AF3,af3-server,8RLT,Class I,READY,D,TCRb,0.8114,94.55,0.9627,61,ABC,0.8443,4,0.8923
AF3,af3-server,8RLU,Class I,READY,A,MHC,0.7478,92.06,0.9595,49,BCD,0.6547,4,0.8705
AF3,af3-server,8RLU,Class I,READY,B,peptide,0.7894,92.47,0.9742,38,ACD,0.6547,4,0.8705
AF3,af3-server,8RLU,Class I,READY,C,TCRa,0.5094,86.67,0.9052,57,ABD,0.6547,4,0.8705
AF3,af3-server,8RLU,Class I,READY,D,TCRb,0.5721,87.87,0.9231,54,ABC,0.6547,4,0.8705
AF3,af3-server,8RLV,Class I,READY,A,MHC,0.8967,96.58,0.9821,44,BCD,0.8549,4,0.8271
AF3,af3-server,8RLV,Class I,READY,B,peptide,0.896,96.5,0.9825,40,ACD,0.8549,4,0.8271
AF3,af3-server,8RLV,Class I,READY,C,TCRa,0.7987,94.04,0.9621,57,ABD,0.8549,4,0.8271
AF3,af3-server,8RLV,Class I,READY,D,TCRb,0.828,94.84,0.9674,51,ABC,0.8549,4,0.8271
AF3,af3-server,8RRO,Class I,READY,A,MHC,0.6104,92.42,0.8948,52,BCD,0.4742,4,0.7501
AF3,af3-server,8RRO,Class I,READY,B,peptide,0.3119,85.51,0.8054,66,ACD,0.4742,4,0.7501
AF3,af3-server,8RRO,Class I,READY,C,TCRa,0.4124,85.4,0.8674,62,ABD,0.4742,4,0.7501
AF3,af3-server,8RRO,Class I,READY,D,TCRb,0.5622,91.31,0.8838,72,ABC,0.4742,4,0.7501
AF3,af3-server,8RYM,Class I,READY,A,MHC,0.2983,85.85,0.7932,55,BCD,0.2805,4,0.7551
AF3,af3-server,8RYM,Class I,READY,B,peptide,0.3957,86.23,0.8497,50,ACD,0.2805,4,0.7551
AF3,af3-server,8RYM,Class I,READY,C,TCRa,0.193,79.75,0.7626,62,ABD,0.2805,4,0.7551
AF3,af3-server,8RYM,Class I,READY,D,TCRb,0.2352,79.68,0.8037,59,ABC,0.2805,4,0.7551
AF3,af3-server,8RYN,Class I,READY,A,MHC,0.6244,90.7,0.918,46,BCD,0.5372,4,0.8698
AF3,af3-server,8RYN,Class I,READY,B,peptide,0.5712,89.65,0.9043,54,ACD,0.5372,4,0.8698
AF3,af3-server,8RYN,Class I,READY,C,TCRa,0.411,85.06,0.8702,56,ABD,0.5372,4,0.8698
AF3,af3-server,8RYN,Class I,READY,D,TCRb,0.5423,87.76,0.91,50,ABC,0.5372,4,0.8698
AF3,af3-server,8RYO,Class I,READY,A,MHC,0.1557,92.34,0.6218,64,BCD,0.3075,4,0.2813
AF3,af3-server,8RYO,Class I,READY,B,peptide,0.7789,92.8,0.9659,31,A,0.3075,4,0.2813
AF3,af3-server,8RYO,Class I,READY,C,TCRa,0.1706,81.6,0.7212,58,AD,0.3075,4,0.2813
AF3,af3-server,8RYO,Class I,READY,D,TCRb,0.125,75.39,0.7166,53,AC,0.3075,4,0.2813
AF3,af3-server,8RYP,Class I,READY,A,MHC,0.8512,95.36,0.9728,47,BCD,0.6195,4,0.8634
AF3,af3-server,8RYP,Class I,READY,B,peptide,0.7435,93.28,0.9451,52,ACD,0.6195,4,0.8634
AF3,af3-server,8RYP,Class I,READY,C,TCRa,0.4584,86.54,0.8806,57,ABD,0.6195,4,0.8634
AF3,af3-server,8RYP,Class I,READY,D,TCRb,0.4249,86.48,0.8635,60,ABC,0.6195,4,0.8634
AF3,af3-server,8RYQ,Class I,READY,A,MHC,0.9038,96.9,0.9823,46,BCD,0.7703,4,0.8788
AF3,af3-server,8RYQ,Class I,READY,B,peptide,0.8591,96.02,0.9698,51,ACD,0.7703,4,0.8788
AF3,af3-server,8RYQ,Class I,READY,C,TCRa,0.7469,93.04,0.949,58,ABD,0.7703,4,0.8788
AF3,af3-server,8RYQ,Class I,READY,D,TCRb,0.5713,89.91,0.9018,63,ABC,0.7703,4,0.8788
AF3,af3-server,8SHI,Class I,READY,A,MHC,0.8683,95.41,0.9804,42,BCD,0.8291,4,0.5471
AF3,af3-server,8SHI,Class I,READY,B,peptide,0.863,95.53,0.9766,23,A,0.8291,4,0.5471
AF3,af3-server,8SHI,Class I,READY,C,TCRa,0.7787,92.56,0.9683,55,AD,0.8291,4,0.5471
AF3,af3-server,8SHI,Class I,READY,D,TCRb,0.8065,93.9,0.9672,56,AC,0.8291,4,0.5471
AF3,af3-server,8V4Z,Class I,READY,A,MHC,0.8563,95.38,0.975,56,BCD,0.7371,4,0.8071
AF3,af3-server,8V4Z,Class I,READY,B,peptide,0.8258,94.79,0.9669,47,ACD,0.7371,4,0.8071
AF3,af3-server,8V4Z,Class I,READY,C,TCRa,0.7153,91.77,0.9479,57,ABD,0.7371,4,0.8071
AF3,af3-server,8V4Z,Class I,READY,D,TCRb,0.551,88.83,0.9032,62,ABC,0.7371,4,0.8071
AF3,af3-server,8V50,Class I,READY,A,MHC,0.8505,95.31,0.973,57,BCD,0.7454,4,0.8112
AF3,af3-server,8V50,Class I,READY,B,peptide,0.8293,95.18,0.9644,50,ACD,0.7454,4,0.8112
AF3,af3-server,8V50,Class I,READY,C,TCRa,0.8002,93.76,0.9657,53,ABD,0.7454,4,0.8112
AF3,af3-server,8V50,Class I,READY,D,TCRb,0.5018,87.68,0.891,62,ABC,0.7454,4,0.8112
AF3,af3-server,8V51,Class I,READY,A,MHC,0.8237,94.62,0.9676,57,BCD,0.6865,4,0.7881
AF3,af3-server,8V51,Class I,READY,B,peptide,0.7908,93.93,0.9597,48,ACD,0.6865,4,0.7881
AF3,af3-server,8V51,Class I,READY,C,TCRa,0.6442,89.95,0.9347,53,ABD,0.6865,4,0.7881
AF3,af3-server,8V51,Class I,READY,D,TCRb,0.4873,87.33,0.8875,64,ABC,0.6865,4,0.7881
AF3,af3-server,8VCX,Class II,READY,A,MHCa,0.9029,97.38,0.977,129,BCE,0.8418,5,0.7669
AF3,af3-server,8VCX,Class II,READY,B,peptide,0.7024,93.36,0.9261,70,ACDE,0.8418,5,0.7669
AF3,af3-server,8VCX,Class II,READY,C,MHCb,0.9127,97.57,0.9799,113,ABDE,0.8418,5,0.7669
AF3,af3-server,8VCX,Class II,READY,D,TCRa,0.7731,94.75,0.9435,54,BCE,0.8418,5,0.7669
AF3,af3-server,8VCX,Class II,READY,E,TCRb,0.9181,98.07,0.9776,58,ABCD,0.8418,5,0.7669
AF3,af3-server,8VCY,Class II,READY,A,MHCa,0.7272,94.76,0.9232,135,BCDE,0.6778,5,0.7633
AF3,af3-server,8VCY,Class II,READY,B,peptide,0.1166,72.48,0.7306,73,ACDE,0.6778,5,0.7633
AF3,af3-server,8VCY,Class II,READY,C,MHCb,0.7948,95.53,0.9454,117,ABDE,0.6778,5,0.7633
AF3,af3-server,8VCY,Class II,READY,D,TCRa,0.8469,95.83,0.9661,62,ABCE,0.6778,5,0.7633
AF3,af3-server,8VCY,Class II,READY,E,TCRb,0.9035,97.46,0.9765,65,ABCD,0.6778,5,0.7633
AF3,af3-server,8VD2,Class II,READY,A,MHCa,0.8254,95.94,0.9551,135,BCDE,0.7004,5,0.7045
AF3,af3-server,8VD2,Class II,READY,B,peptide,0.5971,91.33,0.8995,65,ACD,0.7004,5,0.7045
AF3,af3-server,8VD2,Class II,READY,C,MHCb,0.8636,97.23,0.9599,128,ABD,0.7004,5,0.7045
AF3,af3-server,8VD2,Class II,READY,D,TCRa,0.4329,86.6,0.8666,57,ABCE,0.7004,5,0.7045
AF3,af3-server,8VD2,Class II,READY,E,TCRb,0.7829,95.33,0.942,45,AD,0.7004,5,0.7045
AF3,af3-server,8WTE,Class I,READY,A,MHC,0.3264,86.2,0.8084,62,BCD,0.31,4,0.7154
AF3,af3-server,8WTE,Class I,READY,B,peptide,0.2241,80.37,0.7869,62,ACD,0.31,4,0.7154
AF3,af3-server,8WTE,Class I,READY,C,TCRa,0.3686,84.66,0.8496,67,ABD,0.31,4,0.7154
AF3,af3-server,8WTE,Class I,READY,D,TCRb,0.321,83.57,0.8303,75,ABC,0.31,4,0.7154
AF3,af3-server,8WUL,Class I,READY,A,MHC,0.7917,94.31,0.9563,61,BCD,0.685,4,0.7641
AF3,af3-server,8WUL,Class I,READY,B,peptide,0.7293,92.46,0.9471,49,ACD,0.685,4,0.7641
AF3,af3-server,8WUL,Class I,READY,C,TCRa,0.627,90.42,0.9221,62,ABD,0.685,4,0.7641
AF3,af3-server,8WUL,Class I,READY,D,TCRb,0.592,89.39,0.9166,62,ABC,0.685,4,0.7641
AF3,af3-server,8YE4,Class I,READY,A,MHC,0.3347,87.3,0.8034,67,BCD,0.3197,4,0.6051
AF3,af3-server,8YE4,Class I,READY,B,peptide,0.4584,85.41,0.8923,48,ACD,0.3197,4,0.6051
AF3,af3-server,8YE4,Class I,READY,C,TCRa,0.1258,73.55,0.7358,64,ABD,0.3197,4,0.6051
AF3,af3-server,8YE4,Class I,READY,D,TCRb,0.3601,84.32,0.8478,57,ABC,0.3197,4,0.6051
AF3,af3-server,8YIV,Class I,READY,A,MHC,0.9291,97.85,0.9852,65,BCD,0.8981,4,0.7961
AF3,af3-server,8YIV,Class I,READY,B,peptide,0.8651,96.38,0.969,56,ACD,0.8981,4,0.7961
AF3,af3-server,8YIV,Class I,READY,C,TCRa,0.8991,97.08,0.9782,58,ABD,0.8981,4,0.7961
AF3,af3-server,8YIV,Class I,READY,D,TCRb,0.899,96.98,0.9791,69,ABC,0.8981,4,0.7961
AF3,af3-server,8YJ2,Class I,READY,A,MHC,0.9209,97.6,0.9836,62,BCD,0.9045,4,0.7982
AF3,af3-server,8YJ2,Class I,READY,B,peptide,0.8998,97.15,0.9779,52,ACD,0.9045,4,0.7982
AF3,af3-server,8YJ2,Class I,READY,C,TCRa,0.8995,97.1,0.9782,61,ABD,0.9045,4,0.7982
AF3,af3-server,8YJ2,Class I,READY,D,TCRb,0.8977,96.98,0.9785,65,ABC,0.9045,4,0.7982
AF3,af3-server,9D95,Class I,READY,A,MHC,0.3096,85.22,0.8066,71,BCD,0.2188,4,0.7875
AF3,af3-server,9D95,Class I,READY,B,peptide,0.2102,78.73,0.79,53,ACD,0.2188,4,0.7875
AF3,af3-server,9D95,Class I,READY,C,TCRa,0.2507,79.85,0.8154,58,ABD,0.2188,4,0.7875
AF3,af3-server,9D95,Class I,READY,D,TCRb,0.1047,71.19,0.7208,62,ABC,0.2188,4,0.7875
AF3,af3-server,9EJG,Class II,READY,A,MHCa,0.8684,96.07,0.9737,95,BC,0.82,5,0.8218
AF3,af3-server,9EJG,Class II,READY,B,peptide,0.8132,95.1,0.9579,45,AC,0.82,5,0.8218
AF3,af3-server,9EJG,Class II,READY,C,MHCb,0.8326,95.89,0.9589,116,ABDE,0.82,5,0.8218
AF3,af3-server,9EJG,Class II,READY,D,TCRa,0.7517,93.25,0.949,51,CE,0.82,5,0.8218
AF3,af3-server,9EJG,Class II,READY,E,TCRb,0.8339,95.37,0.9647,45,CD,0.82,5,0.8218
AF3,af3-server,9EJH,Class II,READY,A,MHCa,0.8547,95.86,0.9694,114,BCE,0.7429,5,0.5567
AF3,af3-server,9EJH,Class II,READY,B,peptide,0.719,92.22,0.945,52,ACE,0.7429,5,0.5567
AF3,af3-server,9EJH,Class II,READY,C,MHCb,0.8475,95.82,0.9664,103,ABDE,0.7429,5,0.5567
AF3,af3-server,9EJH,Class II,READY,D,TCRa,0.6492,90.14,0.935,36,CE,0.7429,5,0.5567
AF3,af3-server,9EJH,Class II,READY,E,TCRb,0.644,90.1,0.9331,47,ABCD,0.7429,5,0.5567
AF3,af3-server,9EJI,Class II,READY,A,MHCa,0.8349,95.84,0.9604,124,BCE,0.8492,5,0.5697
AF3,af3-server,9EJI,Class II,READY,B,peptide,0.8918,97.1,0.9745,52,ACE,0.8492,5,0.5697
AF3,af3-server,9EJI,Class II,READY,C,MHCb,0.8531,96.85,0.9588,116,ABDE,0.8492,5,0.5697
AF3,af3-server,9EJI,Class II,READY,D,TCRa,0.8018,94.69,0.957,45,CE,0.8492,5,0.5697
AF3,af3-server,9EJI,Class II,READY,E,TCRb,0.8646,96.49,0.9677,57,ABCD,0.8492,5,0.5697
AF3,af3-server,9GV6,Class I,READY,A,MHC,0.4007,88.75,0.8284,54,BCD,0.3544,4,0.6423
AF3,af3-server,9GV6,Class I,READY,B,peptide,0.419,86.64,0.8587,47,ACD,0.3544,4,0.6423
AF3,af3-server,9GV6,Class I,READY,C,TCRa,0.288,81.92,0.8237,69,ABD,0.3544,4,0.6423
AF3,af3-server,9GV6,Class I,READY,D,TCRb,0.31,83.4,0.8245,56,ABC,0.3544,4,0.6423
AF3,af3-server,9GV7,Class I,READY,A,MHC,0.243,90.57,0.7131,57,BCD,0.1852,4,0.3148
AF3,af3-server,9GV7,Class I,READY,B,peptide,0.1614,81.04,0.7154,54,ACD,0.1852,4,0.3148
AF3,af3-server,9GV7,Class I,READY,C,TCRa,0.1538,80.33,0.7125,65,ABD,0.1852,4,0.3148
AF3,af3-server,9GV7,Class I,READY,D,TCRb,0.1824,78.99,0.7585,54,ABC,0.1852,4,0.3148
AF3,af3-server,9HLJ,Class I,READY,A,MHC,0.6204,90.28,0.9206,68,BCD,0.4598,4,0.5999
AF3,af3-server,9HLJ,Class I,READY,B,peptide,0.6157,89.69,0.9244,47,ACD,0.4598,4,0.5999
AF3,af3-server,9HLJ,Class I,READY,C,TCRa,0.3608,83.43,0.8573,51,ABD,0.4598,4,0.5999
AF3,af3-server,9HLJ,Class I,READY,D,TCRb,0.2423,79.13,0.8156,76,ABC,0.4598,4,0.5999
AF3,af3-server,9IKY,Class I,READY,A,MHC,0.7578,92.21,0.9625,56,BCD,0.6339,4,0.7833
AF3,af3-server,9IKY,Class I,READY,B,peptide,0.4832,86.35,0.8954,52,ACD,0.6339,4,0.7833
AF3,af3-server,9IKY,Class I,READY,C,TCRa,0.8021,94.03,0.9638,46,ABD,0.6339,4,0.7833
AF3,af3-server,9IKY,Class I,READY,D,TCRb,0.4925,86.35,0.9001,60,ABC,0.6339,4,0.7833
AF3,af3-server,9J4T,Class I,READY,A,MHC,0.2572,86.99,0.7534,50,BCD,0.2883,4,0.6269
AF3,af3-server,9J4T,Class I,READY,B,peptide,0.3228,83.72,0.83,38,ACD,0.2883,4,0.6269
AF3,af3-server,9J4T,Class I,READY,C,TCRa,0.3472,85.33,0.8299,46,ABD,0.2883,4,0.6269
AF3,af3-server,9J4T,Class I,READY,D,TCRb,0.2259,82.0,0.7729,48,ABC,0.2883,4,0.6269
AF3,af3-server,9J4U,Class I,READY,A,MHC,0.8808,96.08,0.9794,41,BCD,0.76,4,0.8259
AF3,af3-server,9J4U,Class I,READY,B,peptide,0.8465,95.54,0.9688,42,ACD,0.76,4,0.8259
AF3,af3-server,9J4U,Class I,READY,C,TCRa,0.5977,88.55,0.928,54,ABD,0.76,4,0.8259
AF3,af3-server,9J4U,Class I,READY,D,TCRb,0.715,91.62,0.9493,41,ABC,0.76,4,0.8259
AF3,af3-server,9K2I,Class I,READY,A,MHC,0.1963,90.37,0.676,56,BCD,0.1982,4,0.353
AF3,af3-server,9K2I,Class I,READY,B,peptide,0.2426,87.46,0.7381,49,ACD,0.1982,4,0.353
AF3,af3-server,9K2I,Class I,READY,C,TCRa,0.2339,83.81,0.7631,58,ABD,0.1982,4,0.353
AF3,af3-server,9K2I,Class I,READY,D,TCRb,0.12,76.95,0.6938,71,ABC,0.1982,4,0.353
AF3,af3-server,9K2R,Class I,READY,A,MHC,0.2733,87.73,0.7588,42,BCD,0.228,4,0.6666
AF3,af3-server,9K2R,Class I,READY,B,peptide,0.1222,78.51,0.6837,49,ACD,0.228,4,0.6666
AF3,af3-server,9K2R,Class I,READY,C,TCRa,0.2874,84.57,0.7975,48,ABD,0.228,4,0.6666
AF3,af3-server,9K2R,Class I,READY,D,TCRb,0.2291,83.6,0.7609,57,ABC,0.228,4,0.6666
AF3,af3-server,9LLU,Class I,READY,A,MHC,0.6401,91.35,0.9186,86,BCD,0.4777,4,0.5071
AF3,af3-server,9LLU,Class I,READY,B,peptide,0.5944,89.0,0.9217,49,ACD,0.4777,4,0.5071
AF3,af3-server,9LLU,Class I,READY,C,TCRa,0.3911,83.27,0.8773,66,ABD,0.4777,4,0.5071
AF3,af3-server,9LLU,Class I,READY,D,TCRb,0.2851,79.84,0.8429,73,ABC,0.4777,4,0.5071
AF3,af3-server,9NDS,Class I,READY,A,MHC,0.9525,98.67,0.9889,66,BCD,0.9356,4,0.9337
AF3,af3-server,9NDS,Class I,READY,B,peptide,0.9529,98.74,0.9885,54,ACD,0.9356,4,0.9337
AF3,af3-server,9NDS,Class I,READY,C,TCRa,0.9282,98.03,0.983,60,ABD,0.9356,4,0.9337
AF3,af3-server,9NDS,Class I,READY,D,TCRb,0.9088,97.4,0.9797,60,ABC,0.9356,4,0.9337
AF3,af3-server,9NMU,Class I,READY,A,MHC,0.8595,95.63,0.974,46,BCD,0.6477,4,0.8292
AF3,af3-server,9NMU,Class I,READY,B,peptide,0.6151,90.29,0.9181,47,ACD,0.6477,4,0.8292
AF3,af3-server,9NMU,Class I,READY,C,TCRa,0.7399,92.02,0.9564,55,ABD,0.6477,4,0.8292
AF3,af3-server,9NMU,Class I,READY,D,TCRb,0.3763,83.25,0.8687,48,ABC,0.6477,4,0.8292
AF3,af3-server,9NMV,Class I,READY,A,MHC,0.8678,95.98,0.9744,50,BCD,0.6904,4,0.8491
AF3,af3-server,9NMV,Class I,READY,B,peptide,0.7082,92.46,0.9377,47,ACD,0.6904,4,0.8491
AF3,af3-server,9NMV,Class I,READY,C,TCRa,0.7592,92.69,0.9581,58,ABD,0.6904,4,0.8491
AF3,af3-server,9NMV,Class I,READY,D,TCRb,0.4262,85.25,0.8766,51,ABC,0.6904,4,0.8491
AF3,af3-server,9NMW,Class I,READY,A,MHC,0.8735,95.96,0.9773,51,BCD,0.7022,4,0.8225
AF3,af3-server,9NMW,Class I,READY,B,peptide,0.672,91.23,0.934,46,ACD,0.7022,4,0.8225
AF3,af3-server,9NMW,Class I,READY,C,TCRa,0.7452,92.3,0.9559,61,ABD,0.7022,4,0.8225
AF3,af3-server,9NMW,Class I,READY,D,TCRb,0.5181,87.35,0.9025,48,ABC,0.7022,4,0.8225
AF3,af3-server,9NMX,Class I,READY,A,MHC,0.8524,95.26,0.9745,49,BCD,0.6803,4,0.8222
AF3,af3-server,9NMX,Class I,READY,B,peptide,0.7038,91.83,0.9422,47,ACD,0.6803,4,0.8222
AF3,af3-server,9NMX,Class I,READY,C,TCRa,0.7284,91.68,0.9547,54,ABD,0.6803,4,0.8222
AF3,af3-server,9NMX,Class I,READY,D,TCRb,0.4364,84.68,0.8881,42,ABC,0.6803,4,0.8222
AF3,af3-server,9NMY,Class I,READY,A,MHC,0.8768,95.88,0.9796,48,BCD,0.6875,4,0.8182
AF3,af3-server,9NMY,Class I,READY,B,peptide,0.6788,91.05,0.939,46,ACD,0.6875,4,0.8182
AF3,af3-server,9NMY,Class I,READY,C,TCRa,0.773,92.82,0.9631,55,ABD,0.6875,4,0.8182
AF3,af3-server,9NMY,Class I,READY,D,TCRb,0.4212,85.07,0.8758,39,ABC,0.6875,4,0.8182
AF3,af3-server,9NU7,Class I,READY,A,MHC,0.8028,94.25,0.9619,58,BCD,0.7184,4,0.6056
AF3,af3-server,9NU7,Class I,READY,B,peptide,0.8587,95.72,0.9727,48,ACD,0.7184,4,0.6056
AF3,af3-server,9NU7,Class I,READY,C,TCRa,0.482,87.88,0.8792,67,ABD,0.7184,4,0.6056
AF3,af3-server,9NU7,Class I,READY,D,TCRb,0.73,92.54,0.9465,49,ABC,0.7184,4,0.6056
AF3,af3-server,9NV2,Class I,READY,A,MHC,0.7091,93.89,0.9238,55,BCD,0.6666,4,0.775
AF3,af3-server,9NV2,Class I,READY,B,peptide,0.8146,94.08,0.969,39,ACD,0.6666,4,0.775
AF3,af3-server,9NV2,Class I,READY,C,TCRa,0.4373,86.42,0.8708,70,ABD,0.6666,4,0.775
AF3,af3-server,9NV2,Class I,READY,D,TCRb,0.7055,92.06,0.9406,52,ABC,0.6666,4,0.775
AF3,af3-server,9NV6,Class I,READY,A,MHC,0.5337,91.51,0.8687,49,BCD,0.5381,4,0.7149
AF3,af3-server,9NV6,Class I,READY,B,peptide,0.6752,91.71,0.9306,40,ACD,0.5381,4,0.7149
AF3,af3-server,9NV6,Class I,READY,C,TCRa,0.3712,85.24,0.8454,62,ABD,0.5381,4,0.7149
AF3,af3-server,9NV6,Class I,READY,D,TCRb,0.5723,89.55,0.9059,55,ABC,0.5381,4,0.7149
AF3,af3-server,9NVA,Class I,READY,A,MHC,0.5776,90.58,0.898,43,BCD,0.4742,4,0.5572
AF3,af3-server,9NVA,Class I,READY,B,peptide,0.6807,91.15,0.9388,40,AD,0.4742,4,0.5572
AF3,af3-server,9NVA,Class I,READY,C,TCRa,0.3961,84.66,0.8657,33,AD,0.4742,4,0.5572
AF3,af3-server,9NVA,Class I,READY,D,TCRb,0.2422,79.74,0.8093,40,ABC,0.4742,4,0.5572
AF3,af3-server,9NVE,Class I,READY,A,MHC,0.5512,90.98,0.8819,66,BCD,0.5274,4,0.7269
AF3,af3-server,9NVE,Class I,READY,B,peptide,0.7335,91.69,0.9569,40,ACD,0.5274,4,0.7269
AF3,af3-server,9NVE,Class I,READY,C,TCRa,0.2492,79.32,0.8196,71,ABD,0.5274,4,0.7269
AF3,af3-server,9NVE,Class I,READY,D,TCRb,0.5759,88.65,0.9167,49,ABC,0.5274,4,0.7269
AF3,af3-server,9NW2,Class I,READY,A,MHC,0.3702,87.83,0.8198,49,BCD,0.4125,4,0.3338
AF3,af3-server,9NW2,Class I,READY,B,peptide,0.5117,89.0,0.8827,44,ACD,0.4125,4,0.3338
AF3,af3-server,9NW2,Class I,READY,C,TCRa,0.2821,82.99,0.8087,67,ABD,0.4125,4,0.3338
AF3,af3-server,9NW2,Class I,READY,D,TCRb,0.4858,86.61,0.894,60,ABC,0.4125,4,0.3338
AF3,af3-server,9PBG,Class I,READY,A,MHC,0.1034,85.2,0.6001,55,BCD,0.175,4,0.5213
AF3,af3-server,9PBG,Class I,READY,B,peptide,0.1462,79.43,0.7105,45,ACD,0.175,4,0.5213
AF3,af3-server,9PBG,Class I,READY,C,TCRa,0.1629,78.04,0.7449,77,ABD,0.175,4,0.5213
AF3,af3-server,9PBG,Class I,READY,D,TCRb,0.2875,84.81,0.7953,73,ABC,0.175,4,0.5213
AF3,af3-server,9PBH,Class I,READY,A,MHC,0.1514,84.24,0.6764,61,BCD,0.1707,4,0.43
AF3,af3-server,9PBH,Class I,READY,B,peptide,0.2924,83.42,0.812,44,ACD,0.1707,4,0.43
AF3,af3-server,9PBH,Class I,READY,C,TCRa,0.0741,69.12,0.6665,77,ABD,0.1707,4,0.43
AF3,af3-server,9PBH,Class I,READY,D,TCRb,0.165,76.63,0.7612,64,ABC,0.1707,4,0.43
AF3,af3-server,9RU5,Class I,READY,A,MHC,0.2108,83.43,0.746,57,BCD,0.22,4,0.6078
AF3,af3-server,9RU5,Class I,READY,B,peptide,0.2821,83.2,0.8068,48,ACD,0.22,4,0.6078
AF3,af3-server,9RU5,Class I,READY,C,TCRa,0.206,77.55,0.7978,58,ABD,0.22,4,0.6078
AF3,af3-server,9RU5,Class I,READY,D,TCRb,0.1812,79.16,0.7556,71,ABC,0.22,4,0.6078
AF3,af3-server,9RUP,Class I,READY,A,MHC,0.2014,82.27,0.7476,59,BCD,0.2422,4,0.2383
AF3,af3-server,9RUP,Class I,READY,B,peptide,0.3559,81.71,0.8722,40,AD,0.2422,4,0.2383
AF3,af3-server,9RUP,Class I,READY,C,TCRa,0.2605,80.27,0.8192,47,AD,0.2422,4,0.2383
AF3,af3-server,9RUP,Class I,READY,D,TCRb,0.1509,76.62,0.743,68,ABC,0.2422,4,0.2383
AF3,af3-server,9RXM,Class I,READY,A,MHC,0.5277,89.48,0.8856,45,BCD,0.4888,4,0.5449
AF3,af3-server,9RXM,Class I,READY,B,peptide,0.5803,89.71,0.9079,44,ACD,0.4888,4,0.5449
AF3,af3-server,9RXM,Class I,READY,C,TCRa,0.3639,85.13,0.842,45,ABD,0.4888,4,0.5449
AF3,af3-server,9RXM,Class I,READY,D,TCRb,0.4833,87.69,0.8818,48,ABC,0.4888,4,0.5449
AF3,af3-server,9WBD,Class I,READY,A,MHC,0.8673,95.79,0.9761,44,BCD,0.821,4,0.8689
AF3,af3-server,9WBD,Class I,READY,B,peptide,0.8821,96.34,0.9775,35,ACD,0.821,4,0.8689
AF3,af3-server,9WBD,Class I,READY,C,TCRa,0.7871,93.87,0.9587,46,ABD,0.821,4,0.8689
AF3,af3-server,9WBD,Class I,READY,D,TCRb,0.7476,92.87,0.9511,53,ABC,0.821,4,0.8689
AF3,af3-server,9WC2,Class I,READY,A,MHC,0.5498,89.99,0.891,54,BCD,0.5494,4,0.8249
AF3,af3-server,9WC2,Class I,READY,B,peptide,0.5567,86.64,0.9287,45,ACD,0.5494,4,0.8249
AF3,af3-server,9WC2,Class I,READY,C,TCRa,0.5434,89.3,0.8949,56,ABD,0.5494,4,0.8249
AF3,af3-server,9WC2,Class I,READY,D,TCRb,0.5479,87.46,0.9159,43,ABC,0.5494,4,0.8249
AF3,af3-server,9WC3,Class I,READY,A,MHC,0.4887,90.11,0.8607,50,BCD,0.5053,4,0.8495
AF3,af3-server,9WC3,Class I,READY,B,peptide,0.5532,87.37,0.9194,42,ACD,0.5053,4,0.8495
AF3,af3-server,9WC3,Class I,READY,C,TCRa,0.4772,88.88,0.8669,52,ABD,0.5053,4,0.8495
AF3,af3-server,9WC3,Class I,READY,D,TCRb,0.5021,86.29,0.9056,42,ABC,0.5053,4,0.8495
AF3,af3-server,9YW4,Class I,READY,A,MHC,0.2908,88.38,0.7653,67,BCD,0.2269,4,0.4652
AF3,af3-server,9YW4,Class I,READY,B,peptide,0.215,79.91,0.7829,53,ACD,0.2269,4,0.4652
AF3,af3-server,9YW4,Class I,READY,C,TCRa,0.2211,81.66,0.7718,43,ABD,0.2269,4,0.4652
AF3,af3-server,9YW4,Class I,READY,D,TCRb,0.1809,80.28,0.7446,53,ABC,0.2269,4,0.4652
AF3,af3-server,9ZCL,Class I,READY,A,MHC,0.4781,88.66,0.8696,63,BCD,0.317,4,0.4353
AF3,af3-server,9ZCL,Class I,READY,B,peptide,0.2046,78.65,0.7852,53,ACD,0.317,4,0.4353
AF3,af3-server,9ZCL,Class I,READY,C,TCRa,0.169,76.98,0.7625,72,ABD,0.317,4,0.4353
AF3,af3-server,9ZCL,Class I,READY,D,TCRb,0.4165,85.22,0.8715,50,ABC,0.317,4,0.4353
