track,pdb_id,mhc_class,resolution,global_dockq,n_interfaces,dockq_MHC-peptide,dockq_MHC-TCRa,dockq_MHC-TCRb,dockq_peptide-TCRa,dockq_peptide-TCRb,dockq_TCRa-TCRb,ca_rmsd,tm_score,interface_rmsd,peptide_rmsd_mhc_aligned,contact_precision,contact_recall,n_native_contacts,n_resolved,n_fasta,dockq_MHCa-peptide,dockq_MHCa-MHCb,dockq_MHCa-TCRa,dockq_MHCa-TCRb,dockq_peptide-MHCb,dockq_MHCb-TCRa,dockq_MHCb-TCRb
t0_trace,7RTR,Class I,2.6000,0.5871,6,0.9724,0.3219,0.468,0.389,0.5913,0.7798,2.2776,0.9168,2.8231,0.3423,0.24,0.2143,28,407,407,,,,,,,
t0_trace,6ZKZ,Class I,2.30,0.6025,6,0.7221,0.4188,0.8072,0.3359,0.5288,0.8021,2.3097,0.9178,2.4926,3.2687,0.4062,0.5652,23,408,408,,,,,,,
t0_trace,7DZM,Class I,2.25,0.3762,6,0.949,0.0229,0.0379,0.2898,0.1011,0.8568,20.9679,0.5727,12.4782,0.731,0.0444,0.0606,33,406,406,,,,,,,
t0_trace,7NDQ,Class I,2.551,0.5905,6,0.7894,0.4094,0.5478,0.5266,0.5318,0.7381,2.6074,0.8956,2.7832,2.57,0.28,0.2121,33,408,408,,,,,,,
t0_trace,7R80,Class I,2.9000,0.7656,6,0.9672,0.7201,0.8408,0.6509,0.7171,0.6976,1.5946,0.9582,1.2025,0.5096,0.6364,0.6667,42,409,409,,,,,,,
t0_trace,7N5P,Class I,2.0900,0.8253,6,0.9603,0.6923,0.8303,0.8226,0.9012,0.7448,1.5011,0.9616,1.0797,0.5534,0.7097,0.7586,29,399,399,,,,,,,
t0_trace,7OW5,Class I,2.58,0.8147,6,0.9112,0.8897,0.6788,0.7798,0.7535,0.8751,0.9815,0.9829,0.9673,1.4884,0.7143,0.8333,54,415,415,,,,,,,
t0_trace,7OW6,Class I,2.64,0.9375,6,0.9806,0.9503,0.9234,0.9278,0.9105,0.9324,0.5597,0.9943,0.3653,0.3369,0.8621,0.9434,53,416,416,,,,,,,
t0_trace,7PBC,Class I,2.040,0.9025,6,0.9645,0.8872,0.8218,0.8859,0.9332,0.9223,0.8954,0.9851,0.6124,0.4183,0.7222,0.7879,33,403,404,,,,,,,
t0_trace,7QPJ,Class I,1.540,0.9067,6,0.9584,0.8784,0.8281,0.929,0.9161,0.9302,0.5138,0.9951,0.5246,0.3711,0.8649,0.8205,39,403,403,,,,,,,
t0_trace,7PHR,Class I,3.08,0.9159,6,0.9801,0.8764,0.9431,0.9068,0.9097,0.8791,0.9529,0.9836,0.3774,0.2304,1.0,0.8182,55,400,400,,,,,,,
t0_trace,7NMF,Class I,2.9800,0.6938,6,0.9343,0.6994,0.3432,0.6704,0.6387,0.8771,2.9223,0.871,1.8642,0.3753,0.5897,0.6216,37,405,405,,,,,,,
t0_trace,7T2C,Class II,3.1000,0.8,10,,,,0.7924,0.7498,0.7815,1.4581,0.9635,1.134,0.5561,0.766,0.75,48,406,406,0.9581,0.8381,0.8636,0.5365,0.8986,0.8431,0.7381
t0_trace,7Q9A,Class I,2.1000,0.8894,6,0.9689,0.7774,0.8761,0.8853,0.9699,0.8585,0.9698,0.9833,0.7838,0.2305,0.9474,0.7941,68,407,407,,,,,,,
t0_trace,7Q9B,Class I,3.240,0.5223,6,0.9462,0.3948,0.1626,0.6271,0.3733,0.6299,4.7165,0.7578,3.3206,0.6202,0.5833,0.2857,49,405,405,,,,,,,
t0_trace,8GON,Class I,2.6010,0.3702,6,0.9611,0.0823,0.0653,0.1109,0.1394,0.8623,7.7331,0.5835,5.9228,0.6382,0.0,0.0,56,410,410,,,,,,,
t0_trace,8I5C,Class I,3.34,0.7938,6,0.8693,0.9188,0.7743,0.7088,0.6583,0.8332,0.7421,0.991,1.443,1.9769,0.7576,0.5556,45,405,405,,,,,,,
t0_trace,8WTE,Class I,2.17,0.7114,5,0.9736,0.5511,0.647,,0.5909,0.7946,1.8357,0.9427,1.7982,0.4037,0.4524,0.5758,33,409,409,,,,,,,
t0_trace,8QFY,Class I,2.330,0.918,6,0.9361,0.8564,0.8992,0.9199,0.9767,0.9196,0.8533,0.9875,0.6634,0.4135,0.88,0.88,25,405,405,,,,,,,
t0_trace,8F5A,Class I,1.950,0.6566,6,0.9045,0.615,0.678,0.3998,0.6351,0.707,2.0926,0.9318,1.9483,1.3536,0.7045,0.5,62,409,409,,,,,,,
t0_trace,8YE4,Class I,3.20,0.5701,6,0.896,0.4531,0.4924,0.3996,0.4259,0.7532,2.3279,0.916,2.9649,1.544,0.3077,0.375,32,408,408,,,,,,,
t0_trace,8RYM,Class I,2.34,0.7849,6,0.9638,0.6283,0.752,0.7231,0.799,0.8433,1.4998,0.9611,1.6047,0.3868,0.6774,0.7241,29,408,408,,,,,,,
t0_trace,8RLU,Class I,2.350,0.695,6,0.9334,0.6468,0.4897,0.7177,0.5996,0.783,2.4551,0.9055,2.0241,0.6664,0.4762,0.5,20,407,407,,,,,,,
t0_trace,8RLV,Class I,2.609,0.9093,6,0.9483,0.9203,0.8899,0.9232,0.8691,0.9051,0.7337,0.9903,0.7209,0.3923,0.52,0.7222,18,407,407,,,,,,,
t0_trace,8V50,Class I,2.6500177696,0.7585,6,0.9456,0.7125,0.6362,0.7962,0.6724,0.7885,1.3932,0.9664,1.2751,0.3805,0.8158,0.7381,42,404,404,,,,,,,
t0_trace,9EJG,Class II,2.20,0.5533,6,,,,,,0.7281,19.2347,0.5818,13.7844,0.5865,0.0,0.0,23,397,397,0.9182,0.6228,,,0.978,0.0363,0.0365
t0_trace,9J4T,Class I,2.04,0.6426,6,0.9267,0.5342,0.3548,0.7137,0.5764,0.7497,3.018,0.8649,2.6215,0.6298,0.4167,0.7143,21,396,398,,,,,,,
t0_trace,9RXM,Class I,3.00,0.7471,6,0.9141,0.6054,0.7656,0.726,0.7475,0.724,1.6296,0.9541,1.4687,0.7801,0.7742,0.4898,49,401,401,,,,,,,
t0_trace,24ST,Class I,2.70,0.51,6,0.9365,0.3282,0.4278,0.2918,0.3812,0.6945,3.0233,0.8747,3.1838,0.6342,0.1818,0.1395,43,406,406,,,,,,,
t0_trace,9WC2,Class I,2.25,0.8712,6,0.9285,0.788,0.8291,0.8262,0.9233,0.9323,1.434,0.964,0.9773,0.4326,0.7667,0.6389,36,404,404,,,,,,,
t1_baseline,7RTR,Class I,2.6000,0.5865,6,0.9725,0.3204,0.4673,0.3885,0.5905,0.7798,2.2856,0.9163,2.8346,0.3373,0.24,0.2143,28,407,407,,,,,,,
t1_baseline,6ZKZ,Class I,2.30,0.6026,6,0.722,0.4193,0.8074,0.3359,0.529,0.802,2.3049,0.9182,2.4906,3.2703,0.4062,0.5652,23,408,408,,,,,,,
t1_baseline,7DZM,Class I,2.25,0.3762,6,0.949,0.0229,0.0379,0.2898,0.1011,0.8567,20.9652,0.5727,12.4801,0.729,0.0455,0.0606,33,406,406,,,,,,,
t1_baseline,7NDQ,Class I,2.551,0.5905,6,0.7894,0.4094,0.5475,0.5266,0.5321,0.7382,2.6103,0.8954,2.7828,2.5692,0.28,0.2121,33,408,408,,,,,,,
t1_baseline,7R80,Class I,2.9000,0.7665,6,0.9672,0.7202,0.8408,0.651,0.7171,0.7028,1.5944,0.9583,1.2022,0.5091,0.6364,0.6667,42,409,409,,,,,,,
t1_baseline,7N5P,Class I,2.0900,0.8253,6,0.9602,0.6922,0.8305,0.8226,0.9013,0.7448,1.5012,0.9616,1.0805,0.5543,0.6875,0.7586,29,399,399,,,,,,,
t1_baseline,7OW5,Class I,2.58,0.8147,6,0.9112,0.8897,0.6788,0.7796,0.7535,0.8752,0.981,0.9829,0.9677,1.4901,0.7143,0.8333,54,415,415,,,,,,,
t1_baseline,7OW6,Class I,2.64,0.9375,6,0.9806,0.9503,0.9234,0.9278,0.9105,0.9324,0.5593,0.9943,0.3654,0.3351,0.8621,0.9434,53,416,416,,,,,,,
t1_baseline,7PBC,Class I,2.040,0.9051,6,0.9639,0.9065,0.7821,0.9111,0.9322,0.9351,0.864,0.9862,0.5882,0.3887,0.7941,0.8182,33,403,404,,,,,,,
t1_baseline,7QPJ,Class I,1.540,0.9067,6,0.9584,0.8784,0.8281,0.929,0.916,0.9302,0.5135,0.9951,0.5248,0.3706,0.8649,0.8205,39,403,403,,,,,,,
t1_baseline,7PHR,Class I,3.08,0.9158,6,0.9801,0.8764,0.943,0.9068,0.9097,0.8788,0.9539,0.9836,0.3779,0.2305,1.0,0.8182,55,400,400,,,,,,,
t1_baseline,7NMF,Class I,2.9800,0.6939,6,0.9342,0.6994,0.3431,0.6707,0.6387,0.8772,2.9226,0.871,1.8642,0.3759,0.5897,0.6216,37,405,405,,,,,,,
t1_baseline,7T2C,Class II,3.1000,0.8,10,,,,0.792,0.7505,0.7818,1.4573,0.9635,1.1328,0.5605,0.766,0.75,48,406,406,0.958,0.8375,0.8634,0.5368,0.8985,0.8432,0.7387
t1_baseline,7Q9A,Class I,2.1000,0.8895,6,0.969,0.7776,0.8765,0.8854,0.9701,0.8583,0.9673,0.9834,0.7831,0.2299,0.9483,0.8088,68,407,407,,,,,,,
t1_baseline,7Q9B,Class I,3.240,0.5224,6,0.9462,0.3949,0.1626,0.6272,0.3734,0.6299,4.7167,0.7578,3.3205,0.62,0.5833,0.2857,49,405,405,,,,,,,
t1_baseline,8GON,Class I,2.6010,0.3702,6,0.9609,0.0824,0.0654,0.1109,0.1394,0.8625,7.7355,0.5836,5.9195,0.6381,0.0,0.0,56,410,410,,,,,,,
t1_baseline,8I5C,Class I,3.34,0.7937,6,0.8694,0.9187,0.7742,0.7088,0.6583,0.8331,0.7426,0.991,1.4434,1.976,0.7576,0.5556,45,405,405,,,,,,,
t1_baseline,8WTE,Class I,2.17,0.7119,5,0.9736,0.5521,0.6474,,0.5914,0.7948,1.8266,0.9432,1.7931,0.4035,0.4524,0.5758,33,409,409,,,,,,,
t1_baseline,8QFY,Class I,2.330,0.918,6,0.9361,0.8563,0.8992,0.9198,0.9766,0.9197,0.8542,0.9874,0.6645,0.4146,0.88,0.88,25,405,405,,,,,,,
t1_baseline,8F5A,Class I,1.950,0.6565,6,0.9045,0.6151,0.6779,0.3998,0.6348,0.7071,2.0916,0.9319,1.9493,1.3542,0.7045,0.5,62,409,409,,,,,,,
t1_baseline,8YE4,Class I,3.20,0.5656,6,0.8959,0.453,0.4926,0.3719,0.4263,0.7536,2.3255,0.9161,2.9667,1.5445,0.3077,0.375,32,408,408,,,,,,,
t1_baseline,8RYM,Class I,2.34,0.7971,6,0.9738,0.6334,0.7397,0.761,0.8387,0.8357,1.4957,0.9614,1.6205,0.3889,0.6,0.7241,29,408,408,,,,,,,
t1_baseline,8RLU,Class I,2.350,0.695,6,0.934,0.647,0.4892,0.7179,0.5995,0.7827,2.4572,0.9054,2.0236,0.668,0.4762,0.5,20,407,407,,,,,,,
t1_baseline,8RLV,Class I,2.609,0.9093,6,0.9483,0.9202,0.8899,0.923,0.8691,0.9051,0.7343,0.9903,0.722,0.3915,0.52,0.7222,18,407,407,,,,,,,
t1_baseline,8V50,Class I,2.6500177696,0.7586,6,0.9455,0.7125,0.6361,0.7962,0.6725,0.7887,1.3937,0.9664,1.2754,0.3813,0.8158,0.7381,42,404,404,,,,,,,
t1_baseline,9EJG,Class II,2.20,0.5533,6,,,,,,0.7282,19.2358,0.5818,13.7852,0.5862,0.0,0.0,23,397,397,0.9182,0.6228,,,0.9781,0.0363,0.0365
t1_baseline,9J4T,Class I,2.04,0.6429,6,0.9267,0.5349,0.3551,0.7144,0.5764,0.7496,3.0144,0.8651,2.6199,0.629,0.4167,0.7143,21,396,398,,,,,,,
t1_baseline,9RXM,Class I,3.00,0.7473,6,0.914,0.606,0.766,0.7265,0.7474,0.7238,1.6275,0.9542,1.4672,0.7801,0.75,0.4898,49,401,401,,,,,,,
t1_baseline,24ST,Class I,2.70,0.5111,6,0.9366,0.328,0.4277,0.2918,0.3811,0.7012,3.0249,0.8746,3.184,0.6316,0.1818,0.1395,43,406,406,,,,,,,
t1_baseline,9WC2,Class I,2.25,0.8712,6,0.9285,0.7879,0.8292,0.8262,0.9231,0.9322,1.4339,0.964,0.9774,0.4339,0.7667,0.6389,36,404,404,,,,,,,
t2_fewsteps,7RTR,Class I,2.6000,0.5315,6,0.9693,0.2328,0.397,0.3107,0.5122,0.7673,2.7143,0.8871,3.4015,0.2044,0.125,0.1071,28,407,407,,,,,,,
t2_fewsteps,6ZKZ,Class I,2.30,0.578,6,0.7252,0.3761,0.7395,0.3262,0.5038,0.7972,2.5945,0.8985,2.7163,3.2356,0.3611,0.5652,23,408,408,,,,,,,
t2_fewsteps,7DZM,Class I,2.25,0.3634,6,0.9563,0.0236,0.0357,0.2429,0.101,0.8206,21.5093,0.5717,12.648,0.6504,0.0364,0.0606,33,406,406,,,,,,,
t2_fewsteps,7NDQ,Class I,2.551,0.5753,6,0.7822,0.4718,0.649,0.3452,0.5167,0.6873,2.0775,0.934,2.8601,2.5109,0.1915,0.2727,33,408,408,,,,,,,
t2_fewsteps,7R80,Class I,2.9000,0.7611,6,0.9619,0.7148,0.8219,0.6492,0.7084,0.7102,1.597,0.9583,1.1963,0.5233,0.6136,0.6429,42,409,409,,,,,,,
t2_fewsteps,7N5P,Class I,2.0900,0.8223,6,0.9593,0.6517,0.8477,0.8367,0.8845,0.7535,1.7253,0.9504,1.0017,0.6152,0.7742,0.8276,29,399,399,,,,,,,
t2_fewsteps,7OW5,Class I,2.58,0.8324,6,0.9275,0.8419,0.6808,0.8442,0.8241,0.8757,1.0441,0.9804,0.9375,0.8083,0.7015,0.8704,54,415,415,,,,,,,
t2_fewsteps,7OW6,Class I,2.64,0.9325,6,0.9782,0.9418,0.9486,0.882,0.9057,0.9384,0.5946,0.9935,0.3614,0.3736,0.8667,0.9811,53,416,416,,,,,,,
t2_fewsteps,7PBC,Class I,2.040,0.9218,6,0.9655,0.9296,0.8237,0.919,0.9638,0.929,0.6379,0.9924,0.5058,0.3706,0.7568,0.8485,33,403,404,,,,,,,
t2_fewsteps,7QPJ,Class I,1.540,0.9116,6,0.9567,0.8869,0.8638,0.9259,0.912,0.9241,0.524,0.9949,0.5379,0.3727,0.8537,0.8974,39,403,403,,,,,,,
t2_fewsteps,7PHR,Class I,3.08,0.9216,6,0.9746,0.8941,0.943,0.9196,0.9144,0.8841,0.7018,0.9912,0.3403,0.2711,1.0,0.8545,55,400,400,,,,,,,
t2_fewsteps,7NMF,Class I,2.9800,0.7173,6,0.9439,0.7408,0.3813,0.6934,0.6536,0.891,2.4947,0.9008,1.7272,0.414,0.5581,0.6486,37,405,405,,,,,,,
t2_fewsteps,7T2C,Class II,3.1000,0.7473,10,,,,0.7773,0.704,0.718,1.7879,0.9478,1.2546,0.7123,0.8261,0.7917,48,406,406,0.9484,0.8268,0.5847,0.5074,0.896,0.856,0.6541
t2_fewsteps,7Q9A,Class I,2.1000,0.8945,6,0.9592,0.8153,0.9063,0.898,0.9693,0.8186,0.8144,0.9882,0.7117,0.2427,0.9825,0.8235,68,407,407,,,,,,,
t2_fewsteps,7Q9B,Class I,3.240,0.5085,6,0.9526,0.3782,0.1549,0.587,0.3671,0.611,4.9136,0.7459,3.4249,0.6562,0.56,0.2857,49,405,405,,,,,,,
t2_fewsteps,8GON,Class I,2.6010,0.3665,6,0.9499,0.0813,0.0611,0.1017,0.1295,0.8756,8.2909,0.5813,6.1117,0.6415,0.0,0.0,56,410,410,,,,,,,
t2_fewsteps,8I5C,Class I,3.34,0.7862,6,0.8782,0.9478,0.7101,0.7127,0.6474,0.8213,0.8554,0.9878,1.5206,1.9633,0.7188,0.5111,45,405,405,,,,,,,
t2_fewsteps,8WTE,Class I,2.17,0.7055,5,0.9712,0.5497,0.6289,,0.5914,0.7862,1.8605,0.941,1.8358,0.4553,0.5,0.5152,33,409,409,,,,,,,
t2_fewsteps,8QFY,Class I,2.330,0.9321,6,0.9609,0.8696,0.9239,0.9483,0.9754,0.9145,0.7716,0.9907,0.493,0.4466,0.9231,0.96,25,405,405,,,,,,,
t2_fewsteps,8F5A,Class I,1.950,0.6883,6,0.9227,0.6622,0.7573,0.4498,0.6181,0.7198,1.8615,0.9461,1.8325,1.6272,0.8056,0.4677,62,409,409,,,,,,,
t2_fewsteps,8YE4,Class I,3.20,0.5808,6,0.9105,0.3699,0.5202,0.3206,0.5059,0.8577,2.6546,0.8928,2.9706,1.508,0.2069,0.1875,32,408,408,,,,,,,
t2_fewsteps,8RYM,Class I,2.34,0.575,6,0.9509,0.3703,0.3084,0.4999,0.5149,0.8059,3.133,0.8565,3.1872,0.455,0.3333,0.4138,29,408,408,,,,,,,
t2_fewsteps,8RLU,Class I,2.350,0.7181,6,0.9533,0.7457,0.5285,0.7408,0.6032,0.7373,2.1949,0.9234,1.7275,0.7813,0.4138,0.6,20,407,407,,,,,,,
t2_fewsteps,8RLV,Class I,2.609,0.9017,6,0.9586,0.9379,0.8299,0.9317,0.8804,0.8719,0.8171,0.9881,0.7009,0.4905,0.5417,0.7222,18,407,407,,,,,,,
t2_fewsteps,8V50,Class I,2.6500177696,0.7957,6,0.9391,0.7636,0.6629,0.9099,0.6979,0.8006,1.2816,0.9716,1.2013,0.4102,0.7442,0.7619,42,404,404,,,,,,,
t2_fewsteps,9EJG,Class II,2.20,0.5563,6,,,,,,0.7558,19.2153,0.5833,13.7236,0.6009,0.0,0.0,23,397,397,0.9201,0.613,,,0.9753,0.0369,0.0366
t2_fewsteps,9J4T,Class I,2.04,0.6319,6,0.9129,0.5421,0.4041,0.6321,0.5797,0.7208,2.8756,0.8733,2.5983,0.7369,0.3793,0.5238,21,396,398,,,,,,,
t2_fewsteps,9RXM,Class I,3.00,0.7301,6,0.9085,0.5957,0.7389,0.6649,0.8179,0.6548,1.8465,0.9443,1.7235,0.7542,0.5532,0.5306,49,401,401,,,,,,,
t2_fewsteps,24ST,Class I,2.70,0.5465,6,0.9448,0.3843,0.4119,0.3592,0.3865,0.7922,3.0235,0.8724,2.806,0.455,0.2857,0.2326,43,406,406,,,,,,,
t2_fewsteps,9WC2,Class I,2.25,0.8967,6,0.9576,0.8112,0.8353,0.8753,0.9671,0.9337,1.0725,0.9792,0.9098,0.2522,0.7812,0.6944,36,404,404,,,,,,,
t3_onesample,7RTR,Class I,2.6000,0.5488,6,0.9668,0.2601,0.4042,0.3427,0.5654,0.7534,2.5221,0.9012,3.0081,0.2677,0.2105,0.1429,28,407,407,,,,,,,
t3_onesample,6ZKZ,Class I,2.30,0.5835,6,0.7346,0.3537,0.7386,0.36,0.4921,0.822,2.6161,0.8958,2.708,3.2247,0.3171,0.5652,23,408,408,,,,,,,
t3_onesample,7DZM,Class I,2.25,0.3762,6,0.949,0.0228,0.0379,0.2898,0.1011,0.8568,20.9644,0.5727,12.4807,0.7306,0.0444,0.0606,33,406,406,,,,,,,
t3_onesample,7NDQ,Class I,2.551,0.5906,6,0.7895,0.4098,0.5476,0.5267,0.5319,0.7383,2.6073,0.8956,2.7815,2.5679,0.2593,0.2121,33,408,408,,,,,,,
t3_onesample,7R80,Class I,2.9000,0.7648,6,0.9672,0.7202,0.8407,0.6511,0.7171,0.6924,1.5953,0.9582,1.2028,0.509,0.6364,0.6667,42,409,409,,,,,,,
t3_onesample,7N5P,Class I,2.0900,0.794,6,0.9578,0.6352,0.7974,0.7726,0.8602,0.7407,1.7149,0.95,1.1931,0.6089,0.625,0.6897,29,399,399,,,,,,,
t3_onesample,7OW5,Class I,2.58,0.8146,6,0.9112,0.8897,0.6788,0.7796,0.7535,0.8751,0.981,0.9829,0.968,1.4906,0.7143,0.8333,54,415,415,,,,,,,
t3_onesample,7OW6,Class I,2.64,0.9375,6,0.9805,0.9503,0.9234,0.9279,0.9105,0.9325,0.5597,0.9943,0.3659,0.3357,0.8621,0.9434,53,416,416,,,,,,,
t3_onesample,7PBC,Class I,2.040,0.9012,6,0.9609,0.9246,0.7877,0.8961,0.9125,0.9257,0.7497,0.9896,0.5692,0.3474,0.7429,0.7879,33,403,404,,,,,,,
t3_onesample,7QPJ,Class I,1.540,0.8739,6,0.9505,0.8428,0.7821,0.87,0.9093,0.8886,0.8858,0.9856,0.6296,0.342,0.7805,0.8205,39,403,403,,,,,,,
t3_onesample,7PHR,Class I,3.08,0.9133,6,0.9746,0.9043,0.9428,0.872,0.8987,0.8875,0.7208,0.9907,0.3482,0.2758,1.0,0.8364,55,400,400,,,,,,,
t3_onesample,7NMF,Class I,2.9800,0.7214,6,0.9441,0.7512,0.3788,0.6919,0.6769,0.8853,2.5392,0.8973,1.7385,0.4203,0.5652,0.7027,37,405,405,,,,,,,
t3_onesample,7T2C,Class II,3.1000,0.7289,10,,,,0.8183,0.6702,0.6567,2.3977,0.9383,1.5938,1.1453,0.6964,0.8125,48,406,406,0.9096,0.5908,0.8304,0.4142,0.8862,0.8532,0.6597
t3_onesample,7Q9A,Class I,2.1000,0.8896,6,0.969,0.7778,0.8767,0.8855,0.9701,0.8583,0.9666,0.9834,0.7811,0.2297,0.9474,0.7941,68,407,407,,,,,,,
t3_onesample,7Q9B,Class I,3.240,0.5183,6,0.9558,0.3855,0.1623,0.5918,0.3801,0.6342,4.667,0.762,3.3082,0.6494,0.5769,0.3061,49,405,405,,,,,,,
t3_onesample,8GON,Class I,2.6010,0.3704,6,0.9611,0.0825,0.0656,0.1109,0.1396,0.8625,7.7271,0.5837,5.9181,0.6373,0.0,0.0,56,410,410,,,,,,,
t3_onesample,8I5C,Class I,3.34,0.7936,6,0.8694,0.9187,0.7739,0.7087,0.6582,0.8331,0.7451,0.9909,1.4445,1.9764,0.7576,0.5556,45,405,405,,,,,,,
t3_onesample,8WTE,Class I,2.17,0.6874,5,0.9636,0.5117,0.6005,,0.5711,0.7901,2.1109,0.9253,2.0315,0.4753,0.5217,0.3636,33,409,409,,,,,,,
t3_onesample,8QFY,Class I,2.330,0.9326,6,0.9351,0.8869,0.9158,0.9523,0.9798,0.9255,0.6391,0.9933,0.5065,0.4905,0.92,0.92,25,405,405,,,,,,,
t3_onesample,8F5A,Class I,1.950,0.6366,6,0.7604,0.6153,0.7235,0.3214,0.6939,0.7053,1.7172,0.9576,2.3853,2.9679,0.5,0.4677,62,409,409,,,,,,,
t3_onesample,8YE4,Class I,3.20,0.6113,6,0.8946,0.4127,0.5606,0.3768,0.5648,0.8581,2.1645,0.9243,2.6731,1.5321,0.3214,0.2812,32,408,408,,,,,,,
t3_onesample,8RYM,Class I,2.34,0.66,6,0.962,0.3361,0.5557,0.5688,0.754,0.7831,2.4894,0.9032,1.9517,0.4584,0.6,0.5172,29,408,408,,,,,,,
t3_onesample,8RLU,Class I,2.350,0.7325,6,0.9443,0.6997,0.5732,0.8243,0.5918,0.7618,2.1858,0.9246,1.7154,0.6784,0.3548,0.55,20,407,407,,,,,,,
t3_onesample,8RLV,Class I,2.609,0.9115,6,0.9542,0.9299,0.8592,0.9366,0.8973,0.8917,0.7264,0.9904,0.6099,0.4971,0.56,0.7778,18,407,407,,,,,,,
t3_onesample,8V50,Class I,2.6500177696,0.8331,6,0.944,0.8214,0.6992,0.9232,0.783,0.8279,1.1547,0.9772,0.9607,0.3538,0.7857,0.7857,42,404,404,,,,,,,
t3_onesample,9EJG,Class II,2.20,0.5533,6,,,,,,0.7282,19.2334,0.5818,13.7832,0.5868,0.0,0.0,23,397,397,0.9183,0.6228,,,0.978,0.0363,0.0365
t3_onesample,9J4T,Class I,2.04,0.6061,6,0.9202,0.4097,0.3293,0.694,0.5282,0.7551,3.6303,0.8189,3.0902,0.6632,0.3056,0.5238,21,396,398,,,,,,,
t3_onesample,9RXM,Class I,3.00,0.709,6,0.9067,0.5869,0.7741,0.6455,0.6869,0.6538,1.7476,0.9482,1.5818,0.7462,0.7241,0.4286,49,401,401,,,,,,,
t3_onesample,24ST,Class I,2.70,0.5672,6,0.9444,0.394,0.4774,0.3739,0.3979,0.8158,2.8686,0.8821,2.7662,0.5253,0.2647,0.2093,43,406,406,,,,,,,
t3_onesample,9WC2,Class I,2.25,0.8689,6,0.9284,0.7744,0.829,0.8263,0.923,0.9323,1.4345,0.964,0.9776,0.4337,0.7667,0.6389,36,404,404,,,,,,,
t4_both,7RTR,Class I,2.6000,0.5289,6,0.9612,0.209,0.4004,0.3371,0.4991,0.7666,2.8693,0.8797,3.3321,0.3634,0.2273,0.1786,28,407,407,,,,,,,
t4_both,6ZKZ,Class I,2.30,0.5959,6,0.7333,0.4222,0.7547,0.3396,0.5258,0.7997,2.2056,0.9233,2.4563,3.2145,0.3714,0.5652,23,408,408,,,,,,,
t4_both,7DZM,Class I,2.25,0.3634,6,0.9563,0.0236,0.0357,0.2429,0.101,0.8208,21.5097,0.5717,12.6483,0.6507,0.0364,0.0606,33,406,406,,,,,,,
t4_both,7NDQ,Class I,2.551,0.6703,6,0.7885,0.5951,0.6756,0.6455,0.5705,0.7465,1.6544,0.9563,2.2699,2.5403,0.2973,0.3333,33,408,408,,,,,,,
t4_both,7R80,Class I,2.9000,0.7749,6,0.9562,0.7286,0.8422,0.6541,0.7498,0.7187,1.559,0.9598,1.1723,0.5562,0.6444,0.6905,42,409,409,,,,,,,
t4_both,7N5P,Class I,2.0900,0.7768,6,0.963,0.5669,0.8594,0.6733,0.8788,0.7191,2.1063,0.9279,1.4106,0.5521,0.75,0.7241,29,399,399,,,,,,,
t4_both,7OW5,Class I,2.58,0.8019,6,0.9057,0.8465,0.6801,0.7655,0.7627,0.8508,1.0905,0.9788,1.0725,1.5272,0.7097,0.8148,54,415,415,,,,,,,
t4_both,7OW6,Class I,2.64,0.939,6,0.9738,0.938,0.9487,0.8793,0.9569,0.9375,0.5729,0.994,0.3764,0.3378,0.8793,0.9623,53,416,416,,,,,,,
t4_both,7PBC,Class I,2.040,0.9217,6,0.9655,0.9295,0.8237,0.9189,0.9638,0.929,0.6383,0.9924,0.5057,0.3712,0.7568,0.8485,33,403,404,,,,,,,
t4_both,7QPJ,Class I,1.540,0.8984,6,0.9559,0.8634,0.8623,0.8776,0.9132,0.9182,0.5834,0.9936,0.5258,0.3445,0.85,0.8718,39,403,403,,,,,,,
t4_both,7PHR,Class I,3.08,0.9232,6,0.9759,0.8893,0.9435,0.9178,0.9208,0.8918,0.7272,0.9904,0.3283,0.2641,1.0,0.8545,55,400,400,,,,,,,
t4_both,7NMF,Class I,2.9800,0.7161,6,0.9298,0.7538,0.3875,0.6943,0.6558,0.8753,2.5365,0.8973,1.7353,0.4242,0.625,0.6757,37,405,405,,,,,,,
t4_both,7T2C,Class II,3.1000,0.6962,10,,,,0.7109,0.6461,0.6658,2.5033,0.9281,1.4124,0.745,0.7255,0.7708,48,406,406,0.9366,0.5899,0.564,0.4425,0.9143,0.8486,0.6437
t4_both,7Q9A,Class I,2.1000,0.8979,6,0.9747,0.8307,0.8993,0.8927,0.9757,0.8143,0.9035,0.9859,0.6667,0.2428,0.9649,0.8088,68,407,407,,,,,,,
t4_both,7Q9B,Class I,3.240,0.5085,6,0.9526,0.3782,0.155,0.5871,0.3671,0.611,4.9127,0.7459,3.4244,0.6562,0.56,0.2857,49,405,405,,,,,,,
t4_both,8GON,Class I,2.6010,0.366,6,0.9551,0.0858,0.0631,0.0994,0.1265,0.8659,8.3712,0.5891,6.1861,0.5767,0.0,0.0,56,410,410,,,,,,,
t4_both,8I5C,Class I,3.34,0.7863,6,0.8782,0.948,0.7104,0.7128,0.6475,0.8213,0.8538,0.9878,1.5196,1.9627,0.7188,0.5111,45,405,405,,,,,,,
t4_both,8WTE,Class I,2.17,0.7398,5,0.972,0.6114,0.6942,,0.6011,0.8206,1.4164,0.9648,1.6854,0.396,0.5588,0.5758,33,409,409,,,,,,,
t4_both,8QFY,Class I,2.330,0.9444,6,0.9585,0.8969,0.9458,0.9548,0.9804,0.9299,0.5489,0.9952,0.46,0.445,0.88,0.88,25,405,405,,,,,,,
t4_both,8F5A,Class I,1.950,0.6137,6,0.7543,0.6118,0.6956,0.2998,0.611,0.7096,2.1594,0.9275,2.1891,3.1049,0.875,0.4516,62,409,409,,,,,,,
t4_both,8YE4,Class I,3.20,0.5808,6,0.9104,0.3701,0.5203,0.3204,0.506,0.8578,2.6529,0.8929,2.9721,1.5088,0.2069,0.1875,32,408,408,,,,,,,
t4_both,8RYM,Class I,2.34,0.5758,6,0.9564,0.3697,0.3082,0.4993,0.5148,0.8061,3.1389,0.856,3.189,0.4558,0.3333,0.4138,29,408,408,,,,,,,
t4_both,8RLU,Class I,2.350,0.7167,6,0.9469,0.7588,0.509,0.7678,0.5914,0.7266,2.1523,0.9274,1.7515,0.6773,0.4615,0.6,20,407,407,,,,,,,
t4_both,8RLV,Class I,2.609,0.9287,6,0.9604,0.9443,0.8885,0.9395,0.9383,0.9009,0.6831,0.9918,0.5806,0.4091,0.7,0.7778,18,407,407,,,,,,,
t4_both,8V50,Class I,2.6500177696,0.8145,6,0.9479,0.7984,0.6893,0.9039,0.7374,0.8098,1.0815,0.9797,1.0173,0.3741,0.8421,0.7619,42,404,404,,,,,,,
t4_both,9EJG,Class II,2.20,0.5523,6,,,,,,0.724,19.2357,0.5808,13.8779,0.6643,0.0,0.0,23,397,397,0.9147,0.6171,,,0.9845,0.0364,0.0367
t4_both,9J4T,Class I,2.04,0.6402,6,0.9271,0.5121,0.3879,0.6894,0.5708,0.7538,2.8239,0.8757,2.6222,0.6591,0.3548,0.5238,21,396,398,,,,,,,
t4_both,9RXM,Class I,3.00,0.6305,6,0.9195,0.4605,0.652,0.4401,0.6546,0.6563,1.9681,0.9376,2.2671,0.7368,0.4688,0.3061,49,401,401,,,,,,,
t4_both,24ST,Class I,2.70,0.5381,6,0.9468,0.3501,0.4149,0.3506,0.3782,0.7882,3.1346,0.8649,2.8621,0.6161,0.2286,0.186,43,406,406,,,,,,,
t4_both,9WC2,Class I,2.25,0.8853,6,0.9349,0.8055,0.8292,0.8576,0.9477,0.9369,1.1774,0.9752,0.9025,0.4163,0.8065,0.6944,36,404,404,,,,,,,
